pub(crate) static BSLED64_SYS: [u8; 23760] = [
    0x4D, 0x5A, 0x90, 0x00, 0x03, 0x00, 0x00, 0x00, 0x04, 0x00, 0x00, 0x00, 0xFF, 0xFF, 0x00, 0x00,
    0xB8, 0x00, 0x00, 0x00, 0x00, 0x00, 0x00, 0x00, 0x40, 0x00, 0x00, 0x00, 0x00, 0x00, 0x00, 0x00,
    0x00, 0x00, 0x00, 0x00, 0x00, 0x00, 0x00, 0x00, 0x00, 0x00, 0x00, 0x00, 0x00, 0x00, 0x00, 0x00,
    0x00, 0x00, 0x00, 0x00, 0x00, 0x00, 0x00, 0x00, 0x00, 0x00, 0x00, 0x00, 0xE8, 0x00, 0x00, 0x00,
    0x0E, 0x1F, 0xBA, 0x0E, 0x00, 0xB4, 0x09, 0xCD, 0x21, 0xB8, 0x01, 0x4C, 0xCD, 0x21, 0x54, 0x68,
    0x69, 0x73, 0x20, 0x70, 0x72, 0x6F, 0x67, 0x72, 0x61, 0x6D, 0x20, 0x63, 0x61, 0x6E, 0x6E, 0x6F,
    0x74, 0x20, 0x62, 0x65, 0x20, 0x72, 0x75, 0x6E, 0x20, 0x69, 0x6E, 0x20, 0x44, 0x4F, 0x53, 0x20,
    0x6D, 0x6F, 0x64, 0x65, 0x2E, 0x0D, 0x0D, 0x0A, 0x24, 0x00, 0x00, 0x00, 0x00, 0x00, 0x00, 0x00,
    0xC9, 0xD8, 0xF2, 0xF7, 0x8D, 0xB9, 0x9C, 0xA4, 0x8D, 0xB9, 0x9C, 0xA4, 0x8D, 0xB9, 0x9C, 0xA4,
    0x8D, 0xB9, 0x9D, 0xA4, 0x98, 0xB9, 0x9C, 0xA4, 0xFB, 0x24, 0xE7, 0xA4, 0x88, 0xB9, 0x9C, 0xA4,
    0xFB, 0x24, 0xE1, 0xA4, 0x8C, 0xB9, 0x9C, 0xA4, 0x84, 0xC1, 0x1F, 0xA4, 0x8F, 0xB9, 0x9C, 0xA4,
    0xFB, 0x24, 0xF1, 0xA4, 0x8C, 0xB9, 0x9C, 0xA4, 0x84, 0xC1, 0x09, 0xA4, 0x8F, 0xB9, 0x9C, 0xA4,
    0x84, 0xC1, 0x16, 0xA4, 0x8E, 0xB9, 0x9C, 0xA4, 0x84, 0xC1, 0x08, 0xA4, 0x8C, 0xB9, 0x9C, 0xA4,
    0x84, 0xC1, 0x0D, 0xA4, 0x8C, 0xB9, 0x9C, 0xA4, 0x52, 0x69, 0x63, 0x68, 0x8D, 0xB9, 0x9C, 0xA4,
    0x00, 0x00, 0x00, 0x00, 0x00, 0x00, 0x00, 0x00, 0x50, 0x45, 0x00, 0x00, 0x64, 0x86, 0x06, 0x00,
    0x69, 0x37, 0x07, 0x67, 0x00, 0x00, 0x00, 0x00, 0x00, 0x00, 0x00, 0x00, 0xF0, 0x00, 0x22, 0x00,
    0x0B, 0x02, 0x09, 0x00, 0x00, 0x22, 0x00, 0x00, 0x00, 0x0E, 0x00, 0x00, 0x00, 0x00, 0x00, 0x00,
    0x5C, 0x61, 0x00, 0x00, 0x00, 0x10, 0x00, 0x00, 0x00, 0x00, 0x01, 0x00, 0x00, 0x00, 0x00, 0x00,
    0x00, 0x10, 0x00, 0x00, 0x00, 0x02, 0x00, 0x00, 0x06, 0x00, 0x01, 0x00, 0x06, 0x00, 0x01, 0x00,
    0x05, 0x00, 0x02, 0x00, 0x00, 0x00, 0x00, 0x00, 0x00, 0x80, 0x00, 0x00, 0x00, 0x04, 0x00, 0x00,
    0x3E, 0xD5, 0x00, 0x00, 0x01, 0x00, 0x00, 0x00, 0x00, 0x00, 0x04, 0x00, 0x00, 0x00, 0x00, 0x00,
    0x00, 0x10, 0x00, 0x00, 0x00, 0x00, 0x00, 0x00, 0x00, 0x00, 0x10, 0x00, 0x00, 0x00, 0x00, 0x00,
    0x00, 0x10, 0x00, 0x00, 0x00, 0x00, 0x00, 0x00, 0x00, 0x00, 0x00, 0x00, 0x10, 0x00, 0x00, 0x00,
    0x00, 0x00, 0x00, 0x00, 0x00, 0x00, 0x00, 0x00, 0xC8, 0x61, 0x00, 0x00, 0x3C, 0x00, 0x00, 0x00,
    0x00, 0x70, 0x00, 0x00, 0x10, 0x04, 0x00, 0x00, 0x00, 0x50, 0x00, 0x00, 0xFC, 0x00, 0x00, 0x00,
    0x00, 0x34, 0x00, 0x00, 0xD0, 0x28, 0x00, 0x00, 0x00, 0x00, 0x00, 0x00, 0x00, 0x00, 0x00, 0x00,
    0xC0, 0x30, 0x00, 0x00, 0x1C, 0x00, 0x00, 0x00, 0x00, 0x00, 0x00, 0x00, 0x00, 0x00, 0x00, 0x00,
    0x00, 0x00, 0x00, 0x00, 0x00, 0x00, 0x00, 0x00, 0x00, 0x00, 0x00, 0x00, 0x00, 0x00, 0x00, 0x00,
    0x00, 0x00, 0x00, 0x00, 0x00, 0x00, 0x00, 0x00, 0x00, 0x00, 0x00, 0x00, 0x00, 0x00, 0x00, 0x00,
    0x00, 0x30, 0x00, 0x00, 0xB8, 0x00, 0x00, 0x00, 0x00, 0x00, 0x00, 0x00, 0x00, 0x00, 0x00, 0x00,
    0x00, 0x00, 0x00, 0x00, 0x00, 0x00, 0x00, 0x00, 0x00, 0x00, 0x00, 0x00, 0x00, 0x00, 0x00, 0x00,
    0x2E, 0x74, 0x65, 0x78, 0x74, 0x00, 0x00, 0x00, 0xE6, 0x1A, 0x00, 0x00, 0x00, 0x10, 0x00, 0x00,
    0x00, 0x1C, 0x00, 0x00, 0x00, 0x04, 0x00, 0x00, 0x00, 0x00, 0x00, 0x00, 0x00, 0x00, 0x00, 0x00,
    0x00, 0x00, 0x00, 0x00, 0x20, 0x00, 0x00, 0x68, 0x2E, 0x72, 0x64, 0x61, 0x74, 0x61, 0x00, 0x00,
    0x48, 0x02, 0x00, 0x00, 0x00, 0x30, 0x00, 0x00, 0x00, 0x04, 0x00, 0x00, 0x00, 0x20, 0x00, 0x00,
    0x00, 0x00, 0x00, 0x00, 0x00, 0x00, 0x00, 0x00, 0x00, 0x00, 0x00, 0x00, 0x40, 0x00, 0x00, 0x48,
    0x2E, 0x64, 0x61, 0x74, 0x61, 0x00, 0x00, 0x00, 0x3C, 0x01, 0x00, 0x00, 0x00, 0x40, 0x00, 0x00,
    0x00, 0x02, 0x00, 0x00, 0x00, 0x24, 0x00, 0x00, 0x00, 0x00, 0x00, 0x00, 0x00, 0x00, 0x00, 0x00,
    0x00, 0x00, 0x00, 0x00, 0x40, 0x00, 0x00, 0xC8, 0x2E, 0x70, 0x64, 0x61, 0x74, 0x61, 0x00, 0x00,
    0xFC, 0x00, 0x00, 0x00, 0x00, 0x50, 0x00, 0x00, 0x00, 0x02, 0x00, 0x00, 0x00, 0x26, 0x00, 0x00,
    0x00, 0x00, 0x00, 0x00, 0x00, 0x00, 0x00, 0x00, 0x00, 0x00, 0x00, 0x00, 0x40, 0x00, 0x00, 0x48,
    0x49, 0x4E, 0x49, 0x54, 0x00, 0x00, 0x00, 0x00, 0xA6, 0x04, 0x00, 0x00, 0x00, 0x60, 0x00, 0x00,
    0x00, 0x06, 0x00, 0x00, 0x00, 0x28, 0x00, 0x00, 0x00, 0x00, 0x00, 0x00, 0x00, 0x00, 0x00, 0x00,
    0x00, 0x00, 0x00, 0x00, 0x20, 0x00, 0x00, 0xE2, 0x2E, 0x72, 0x73, 0x72, 0x63, 0x00, 0x00, 0x00,
    0x10, 0x04, 0x00, 0x00, 0x00, 0x70, 0x00, 0x00, 0x00, 0x06, 0x00, 0x00, 0x00, 0x2E, 0x00, 0x00,
    0x00, 0x00, 0x00, 0x00, 0x00, 0x00, 0x00, 0x00, 0x00, 0x00, 0x00, 0x00, 0x40, 0x00, 0x00, 0x42,
    0x00, 0x00, 0x00, 0x00, 0x00, 0x00, 0x00, 0x00, 0x00, 0x00, 0x00, 0x00, 0x00, 0x00, 0x00, 0x00,
    0x00, 0x00, 0x00, 0x00, 0x00, 0x00, 0x00, 0x00, 0x00, 0x00, 0x00, 0x00, 0x00, 0x00, 0x00, 0x00,
    0x00, 0x00, 0x00, 0x00, 0x00, 0x00, 0x00, 0x00, 0x00, 0x00, 0x00, 0x00, 0x00, 0x00, 0x00, 0x00,
    0x00, 0x00, 0x00, 0x00, 0x00, 0x00, 0x00, 0x00, 0x00, 0x00, 0x00, 0x00, 0x00, 0x00, 0x00, 0x00,
    0x00, 0x00, 0x00, 0x00, 0x00, 0x00, 0x00, 0x00, 0x00, 0x00, 0x00, 0x00, 0x00, 0x00, 0x00, 0x00,
    0x00, 0x00, 0x00, 0x00, 0x00, 0x00, 0x00, 0x00, 0x00, 0x00, 0x00, 0x00, 0x00, 0x00, 0x00, 0x00,
    0x00, 0x00, 0x00, 0x00, 0x00, 0x00, 0x00, 0x00, 0x00, 0x00, 0x00, 0x00, 0x00, 0x00, 0x00, 0x00,
    0x00, 0x00, 0x00, 0x00, 0x00, 0x00, 0x00, 0x00, 0x00, 0x00, 0x00, 0x00, 0x00, 0x00, 0x00, 0x00,
    0x00, 0x00, 0x00, 0x00, 0x00, 0x00, 0x00, 0x00, 0x00, 0x00, 0x00, 0x00, 0x00, 0x00, 0x00, 0x00,
    0x00, 0x00, 0x00, 0x00, 0x00, 0x00, 0x00, 0x00, 0x00, 0x00, 0x00, 0x00, 0x00, 0x00, 0x00, 0x00,
    0x00, 0x00, 0x00, 0x00, 0x00, 0x00, 0x00, 0x00, 0x00, 0x00, 0x00, 0x00, 0x00, 0x00, 0x00, 0x00,
    0x00, 0x00, 0x00, 0x00, 0x00, 0x00, 0x00, 0x00, 0x00, 0x00, 0x00, 0x00, 0x00, 0x00, 0x00, 0x00,
    0x00, 0x00, 0x00, 0x00, 0x00, 0x00, 0x00, 0x00, 0x00, 0x00, 0x00, 0x00, 0x00, 0x00, 0x00, 0x00,
    0x00, 0x00, 0x00, 0x00, 0x00, 0x00, 0x00, 0x00, 0x00, 0x00, 0x00, 0x00, 0x00, 0x00, 0x00, 0x00,
    0x00, 0x00, 0x00, 0x00, 0x00, 0x00, 0x00, 0x00, 0x00, 0x00, 0x00, 0x00, 0x00, 0x00, 0x00, 0x00,
    0x00, 0x00, 0x00, 0x00, 0x00, 0x00, 0x00, 0x00, 0x00, 0x00, 0x00, 0x00, 0x00, 0x00, 0x00, 0x00,
    0x00, 0x00, 0x00, 0x00, 0x00, 0x00, 0x00, 0x00, 0x00, 0x00, 0x00, 0x00, 0x00, 0x00, 0x00, 0x00,
    0x00, 0x00, 0x00, 0x00, 0x00, 0x00, 0x00, 0x00, 0x00, 0x00, 0x00, 0x00, 0x00, 0x00, 0x00, 0x00,
    0x00, 0x00, 0x00, 0x00, 0x00, 0x00, 0x00, 0x00, 0x48, 0x89, 0x5C, 0x24, 0x08, 0x57, 0x48, 0x83,
    0xEC, 0x30, 0x48, 0x8B, 0x79, 0x08, 0xEB, 0x2E, 0x48, 0x8B, 0x5F, 0x40, 0x48, 0x8D, 0x15, 0x9D,
    0x1A, 0x00, 0x00, 0x48, 0x8D, 0x4C, 0x24, 0x20, 0xFF, 0x15, 0x6A, 0x20, 0x00, 0x00, 0x48, 0x8D,
    0x4C, 0x24, 0x20, 0xFF, 0x15, 0x6F, 0x20, 0x00, 0x00, 0x48, 0x8B, 0x0B, 0x48, 0x8B, 0x7F, 0x10,
    0xFF, 0x15, 0x12, 0x20, 0x00, 0x00, 0x48, 0x85, 0xFF, 0x75, 0xCD, 0x48, 0x8B, 0x5C, 0x24, 0x40,
    0x48, 0x83, 0xC4, 0x30, 0x5F, 0xC3, 0xCC, 0xCC, 0xCC, 0xCC, 0xCC, 0xCC, 0x48, 0x89, 0x54, 0x24,
    0x10, 0x48, 0x89, 0x4C, 0x24, 0x08, 0x53, 0x55, 0x56, 0x57, 0x41, 0x54, 0x41, 0x55, 0x41, 0x56,
    0x41, 0x57, 0x48, 0x83, 0xEC, 0x48, 0x48, 0x8B, 0x82, 0xB8, 0x00, 0x00, 0x00, 0x45, 0x33, 0xF6,
    0x4C, 0x8B, 0xEA, 0x80, 0x38, 0x0E, 0x41, 0x8B, 0xDE, 0x0F, 0x85, 0xA2, 0x06, 0x00, 0x00, 0x8B,
    0x78, 0x08, 0x44, 0x8B, 0x40, 0x10, 0x8B, 0x40, 0x18, 0xB9, 0x08, 0x61, 0x22, 0x00, 0x89, 0x7C,
    0x24, 0x30, 0x3B, 0xC1, 0x0F, 0x87, 0x0A, 0x03, 0x00, 0x00, 0x0F, 0x84, 0xD0, 0x02, 0x00, 0x00,
    0x2D, 0x40, 0x60, 0x22, 0x00, 0x0F, 0x84, 0xA2, 0x02, 0x00, 0x00, 0x45, 0x8D, 0x7E, 0x04, 0x41,
    0x2B, 0xC7, 0x0F, 0x84, 0x70, 0x02, 0x00, 0x00, 0x83, 0xE8, 0x3C, 0x0F, 0x84, 0xE3, 0x01, 0x00,
    0x00, 0x41, 0x2B, 0xC7, 0x0F, 0x84, 0x5F, 0x01, 0x00, 0x00, 0x83, 0xE8, 0x3C, 0x0F, 0x84, 0x28,
    0x01, 0x00, 0x00, 0x41, 0x2B, 0xC7, 0x74, 0x75, 0x83, 0xE8, 0x3C, 0x74, 0x4F, 0x41, 0x3B, 0xC7,
    0x0F, 0x85, 0x3B, 0x06, 0x00, 0x00, 0x44, 0x0F, 0x20, 0xC6, 0x41, 0x3A, 0xF6, 0x76, 0x04, 0x45,
    0x0F, 0x22, 0xC6, 0x48, 0x8B, 0x42, 0x18, 0x4C, 0x8D, 0x8C, 0x24, 0x98, 0x00, 0x00, 0x00, 0x44,
    0x89, 0xB4, 0x24, 0x98, 0x00, 0x00, 0x00, 0x8B, 0x08, 0x46, 0x0F, 0xB6, 0x44, 0x38, 0x04, 0x42,
    0x0F, 0xB6, 0x14, 0x38, 0x48, 0x8B, 0xD8, 0xE8, 0xCC, 0x09, 0x00, 0x00, 0x44, 0x8B, 0x9C, 0x24,
    0x98, 0x00, 0x00, 0x00, 0x44, 0x89, 0x1B, 0xE9, 0xE1, 0x05, 0x00, 0x00, 0x44, 0x0F, 0x20, 0xC6,
    0x41, 0x3A, 0xF6, 0x76, 0x04, 0x45, 0x0F, 0x22, 0xC6, 0x48, 0x8B, 0x5A, 0x18, 0x0F, 0xB6, 0x53,
    0x04, 0x8B, 0x0B, 0xE8, 0x7C, 0x08, 0x00, 0x00, 0xE9, 0xD5, 0x00, 0x00, 0x00, 0x44, 0x0F, 0x20,
    0xC6, 0x41, 0x3A, 0xF6, 0x76, 0x04, 0x45, 0x0F, 0x22, 0xC6, 0x48, 0x8B, 0x4A, 0x18, 0x45, 0x33,
    0xC9, 0x45, 0x33, 0xC0, 0x8B, 0x29, 0x49, 0x03, 0xCF, 0x33, 0xD2, 0x44, 0x8B, 0x21, 0x49, 0x03,
    0xCF, 0x4C, 0x89, 0x74, 0x24, 0x20, 0x8B, 0x01, 0x42, 0x8B, 0x5C, 0x39, 0x04, 0x89, 0x84, 0x24,
    0x98, 0x00, 0x00, 0x00, 0x42, 0x8B, 0x04, 0x39, 0x48, 0x8D, 0x0D, 0x71, 0x2F, 0x00, 0x00, 0x89,
    0x44, 0x24, 0x30, 0xFF, 0x15, 0xA7, 0x1E, 0x00, 0x00, 0x83, 0xFB, 0x01, 0x75, 0x19, 0x8A, 0x84,
    0x24, 0x98, 0x00, 0x00, 0x00, 0x0F, 0xB7, 0xD5, 0xEE, 0x8A, 0x44, 0x24, 0x30, 0x41, 0x0F, 0xB7,
    0xD4, 0xEE, 0xE9, 0xD2, 0x00, 0x00, 0x00, 0x83, 0xFB, 0x02, 0x75, 0x1D, 0x0F, 0xB7, 0x84, 0x24,
    0x98, 0x00, 0x00, 0x00, 0x0F, 0xB7, 0xD5, 0x66, 0xEF, 0x0F, 0xB7, 0x44, 0x24, 0x30, 0x41, 0x0F,
    0xB7, 0xD4, 0x66, 0xEF, 0xE9, 0xB0, 0x00, 0x00, 0x00, 0x41, 0x3B, 0xDF, 0x0F, 0x85, 0xA7, 0x00,
    0x00, 0x00, 0x8B, 0x84, 0x24, 0x98, 0x00, 0x00, 0x00, 0x0F, 0xB7, 0xD5, 0xEF, 0x8B, 0x44, 0x24,
    0x30, 0x41, 0x0F, 0xB7, 0xD4, 0xEF, 0xE9, 0x8E, 0x00, 0x00, 0x00, 0x44, 0x0F, 0x20, 0xC6, 0x41,
    0x3A, 0xF6, 0x76, 0x04, 0x45, 0x0F, 0x22, 0xC6, 0x48, 0x8B, 0x5A, 0x18, 0x8B, 0x0B, 0x49, 0x8D,
    0x04, 0x1F, 0x8B, 0x10, 0x46, 0x8B, 0x4C, 0x38, 0x04, 0x46, 0x8B, 0x04, 0x38, 0xE8, 0xEA, 0x06,
    0x00, 0x00, 0x89, 0x03, 0xE9, 0xE4, 0x04, 0x00, 0x00, 0x44, 0x0F, 0x20, 0xC6, 0x41, 0x3A, 0xF6,
    0x76, 0x04, 0x45, 0x0F, 0x22, 0xC6, 0x48, 0x8B, 0x4A, 0x18, 0x45, 0x33, 0xC9, 0x45, 0x33, 0xC0,
    0x8B, 0x19, 0x42, 0x8B, 0x2C, 0x39, 0x46, 0x8B, 0x64, 0x39, 0x04, 0x48, 0x8D, 0x0D, 0xAE, 0x2E,
    0x00, 0x00, 0x33, 0xD2, 0x4C, 0x89, 0x74, 0x24, 0x20, 0xFF, 0x15, 0xE1, 0x1D, 0x00, 0x00, 0x41,
    0x83, 0xFC, 0x01, 0x75, 0x09, 0x0F, 0xB7, 0xD3, 0x40, 0x8A, 0xC5, 0xEE, 0xEB, 0x1B, 0x41, 0x83,
    0xFC, 0x02, 0x75, 0x0A, 0x0F, 0xB7, 0xD3, 0x0F, 0xB7, 0xC5, 0x66, 0xEF, 0xEB, 0x0B, 0x45, 0x3B,
    0xE7, 0x75, 0x06, 0x0F, 0xB7, 0xD3, 0x8B, 0xC5, 0xEF, 0x45, 0x33, 0xC9, 0x48, 0x8D, 0x0D, 0x6D,
    0x2E, 0x00, 0x00, 0x33, 0xD2, 0x45, 0x8D, 0x41, 0x01, 0xFF, 0x15, 0xF1, 0x1D, 0x00, 0x00, 0xE9,
    0x69, 0x04, 0x00, 0x00, 0x44, 0x0F, 0x20, 0xC6, 0x41, 0x3A, 0xF6, 0x76, 0x04, 0x45, 0x0F, 0x22,
    0xC6, 0x4C, 0x8B, 0x62, 0x18, 0x48, 0x8D, 0x0D, 0x44, 0x2E, 0x00, 0x00, 0x45, 0x33, 0xC9, 0x41,
    0x8B, 0x2C, 0x24, 0x41, 0x8B, 0x5C, 0x24, 0x04, 0x45, 0x33, 0xC0, 0x33, 0xD2, 0x4C, 0x89, 0x74,
    0x24, 0x20, 0xFF, 0x15, 0x68, 0x1D, 0x00, 0x00, 0x83, 0xFB, 0x01, 0x75, 0x09, 0x0F, 0xB7, 0xD5,
    0xEC, 0x0F, 0xB6, 0xD8, 0xEB, 0x23, 0x83, 0xFB, 0x02, 0x75, 0x0A, 0x0F, 0xB7, 0xD5, 0x66, 0xED,
    0x0F, 0xB7, 0xD8, 0xEB, 0x14, 0x41, 0x3B, 0xDF, 0x75, 0x08, 0x0F, 0xB7, 0xD5, 0xED, 0x8B, 0xD8,
    0xEB, 0x07, 0x8B, 0x9C, 0x24, 0x98, 0x00, 0x00, 0x00, 0x45, 0x33, 0xC9, 0x48, 0x8D, 0x0D, 0xED,
    0x2D, 0x00, 0x00, 0x33, 0xD2, 0x45, 0x8D, 0x41, 0x01, 0xFF, 0x15, 0x71, 0x1D, 0x00, 0x00, 0x41,
    0x89, 0x1C, 0x24, 0xE9, 0xE5, 0x03, 0x00, 0x00, 0x44, 0x0F, 0x20, 0xC6, 0x41, 0x3A, 0xF6, 0x76,
    0x04, 0x45, 0x0F, 0x22, 0xC6, 0x48, 0x8B, 0x42, 0x18, 0x41, 0x83, 0xC0, 0xFC, 0x8B, 0x08, 0x48,
    0x8D, 0x50, 0x04, 0xE8, 0x00, 0x05, 0x00, 0x00, 0xE9, 0xC0, 0x03, 0x00, 0x00, 0x44, 0x0F, 0x20,
    0xC6, 0x41, 0x3A, 0xF6, 0x76, 0x04, 0x45, 0x0F, 0x22, 0xC6, 0x48, 0x8B, 0x42, 0x18, 0x44, 0x8B,
    0xC7, 0x8B, 0x08, 0x48, 0x8B, 0xD0, 0xE8, 0x25, 0x04, 0x00, 0x00, 0xE9, 0x9D, 0x03, 0x00, 0x00,
    0x44, 0x0F, 0x20, 0xC6, 0x41, 0x3A, 0xF6, 0x76, 0x04, 0x45, 0x0F, 0x22, 0xC6, 0x48, 0x8B, 0x42,
    0x18, 0x41, 0xBF, 0x04, 0x00, 0x00, 0x00, 0x8B, 0x08, 0x49, 0x03, 0xC7, 0x0F, 0xB6, 0x10, 0x46,
    0x0F, 0xB6, 0x4C, 0x38, 0x04, 0x46, 0x0F, 0xB6, 0x04, 0x38, 0xE8, 0x75, 0x08, 0x00, 0x00, 0xE9,
    0x69, 0x03, 0x00, 0x00, 0x2D, 0x0C, 0x61, 0x22, 0x00, 0x0F, 0x84, 0x0A, 0x03, 0x00, 0x00, 0x41,
    0xBF, 0x04, 0x00, 0x00, 0x00, 0x41, 0x2B, 0xC7, 0x0F, 0x84, 0xC3, 0x02, 0x00, 0x00, 0x41, 0x2B,
    0xC7, 0x0F, 0x84, 0x68, 0x02, 0x00, 0x00, 0x41, 0x2B, 0xC7, 0x0F, 0x84, 0x14, 0x02, 0x00, 0x00,
    0x83, 0xE8, 0x28, 0x0F, 0x84, 0x63, 0x01, 0x00, 0x00, 0x41, 0x2B, 0xC7, 0x0F, 0x84, 0xBE, 0x00,
    0x00, 0x00, 0x83, 0xE8, 0x3C, 0x74, 0x5B, 0x41, 0x3B, 0xC7, 0x0F, 0x85, 0x31, 0x03, 0x00, 0x00,
    0x44, 0x0F, 0x20, 0xC6, 0x41, 0x3A, 0xF6, 0x76, 0x04, 0x45, 0x0F, 0x22, 0xC6, 0x48, 0x8B, 0x4A,
    0x18, 0x45, 0x33, 0xC9, 0x45, 0x33, 0xC0, 0x8B, 0x01, 0x33, 0xD2, 0x4C, 0x89, 0x74, 0x24, 0x20,
    0x89, 0x05, 0x12, 0x2D, 0x00, 0x00, 0x42, 0x8B, 0x04, 0x39, 0x89, 0x05, 0x04, 0x2D, 0x00, 0x00,
    0x42, 0x8B, 0x44, 0x39, 0x04, 0x48, 0x8D, 0x0D, 0xD4, 0x2C, 0x00, 0x00, 0x89, 0x05, 0xEE, 0x2C,
    0x00, 0x00, 0xFF, 0x15, 0x08, 0x1C, 0x00, 0x00, 0xE8, 0x97, 0x12, 0x00, 0x00, 0xE9, 0x47, 0xFE,
    0xFF, 0xFF, 0x44, 0x0F, 0x20, 0xC6, 0x41, 0x3A, 0xF6, 0x76, 0x04, 0x45, 0x0F, 0x22, 0xC6, 0x48,
    0x8B, 0x5A, 0x18, 0x48, 0x8D, 0x0D, 0xA6, 0x2C, 0x00, 0x00, 0x45, 0x33, 0xC9, 0x8B, 0x03, 0x45,
    0x33, 0xC0, 0x33, 0xD2, 0x44, 0x89, 0x35, 0xB5, 0x2C, 0x00, 0x00, 0x44, 0x89, 0x35, 0xB2, 0x2C,
    0x00, 0x00, 0x4C, 0x89, 0x74, 0x24, 0x20, 0x89, 0x05, 0xAB, 0x2C, 0x00, 0x00, 0xFF, 0x15, 0xBD,
    0x1B, 0x00, 0x00, 0xE8, 0x28, 0x12, 0x00, 0x00, 0x44, 0x8B, 0x1D, 0x95, 0x2C, 0x00, 0x00, 0x44,
    0x89, 0x1B, 0x8B, 0x05, 0x88, 0x2C, 0x00, 0x00, 0x89, 0x43, 0x04, 0xE9, 0xE9, 0xFD, 0xFF, 0xFF,
    0x44, 0x0F, 0x20, 0xC0, 0x48, 0x89, 0x84, 0x24, 0x98, 0x00, 0x00, 0x00, 0x41, 0x3A, 0xC6, 0x76,
    0x04, 0x45, 0x0F, 0x22, 0xC6, 0x48, 0x8B, 0x42, 0x18, 0x48, 0x8D, 0x0D, 0x40, 0x2C, 0x00, 0x00,
    0x45, 0x33, 0xC9, 0x44, 0x8B, 0x20, 0x49, 0x03, 0xC7, 0x45, 0x33, 0xC0, 0x8B, 0x30, 0x49, 0x03,
    0xC7, 0x33, 0xD2, 0x8B, 0x28, 0x49, 0x03, 0xC7, 0x4C, 0x89, 0x74, 0x24, 0x20, 0x8B, 0x38, 0x42,
    0x8B, 0x5C, 0x38, 0x04, 0x42, 0x8B, 0x04, 0x38, 0x89, 0x44, 0x24, 0x38, 0xFF, 0x15, 0x4E, 0x1B,
    0x00, 0x00, 0x83, 0xE5, 0x07, 0xC1, 0xE5, 0x05, 0x83, 0xE6, 0x1F, 0x4C, 0x8D, 0x4C, 0x24, 0x38,
    0x0B, 0xEE, 0x41, 0x8B, 0xD4, 0x41, 0x8B, 0xCF, 0x44, 0x8B, 0xC5, 0x89, 0x5C, 0x24, 0x28, 0x89,
    0x7C, 0x24, 0x20, 0xFF, 0x15, 0xD7, 0x1A, 0x00, 0x00, 0x45, 0x33, 0xC9, 0x48, 0x8D, 0x0D, 0xDD,
    0x2B, 0x00, 0x00, 0x45, 0x8D, 0x41, 0x01, 0x33, 0xD2, 0xFF, 0x15, 0x61, 0x1B, 0x00, 0x00, 0x48,
    0x8B, 0x84, 0x24, 0x98, 0x00, 0x00, 0x00, 0xE9, 0x90, 0x00, 0x00, 0x00, 0x44, 0x0F, 0x20, 0xC0,
    0x48, 0x89, 0x44, 0x24, 0x38, 0x41, 0x3A, 0xC6, 0x76, 0x04, 0x45, 0x0F, 0x22, 0xC6, 0x4C, 0x8B,
    0x6A, 0x18, 0x48, 0x8D, 0x0D, 0xA7, 0x2B, 0x00, 0x00, 0x45, 0x33, 0xC9, 0x45, 0x8B, 0x65, 0x00,
    0x4B, 0x8D, 0x04, 0x2F, 0x45, 0x33, 0xC0, 0x8B, 0x30, 0x49, 0x03, 0xC7, 0x33, 0xD2, 0x8B, 0x28,
    0x42, 0x8B, 0x3C, 0x38, 0x42, 0x8B, 0x5C, 0x38, 0x04, 0x4C, 0x89, 0x74, 0x24, 0x20, 0xFF, 0x15,
    0xBC, 0x1A, 0x00, 0x00, 0x83, 0xE5, 0x07, 0xC1, 0xE5, 0x05, 0x83, 0xE6, 0x1F, 0x4D, 0x8B, 0xCD,
    0x0B, 0xEE, 0x41, 0x8B, 0xD4, 0x41, 0x8B, 0xCF, 0x44, 0x8B, 0xC5, 0x89, 0x5C, 0x24, 0x28, 0x89,
    0x7C, 0x24, 0x20, 0xFF, 0x15, 0x4F, 0x1A, 0x00, 0x00, 0x45, 0x33, 0xC9, 0x48, 0x8D, 0x0D, 0x4D,
    0x2B, 0x00, 0x00, 0x45, 0x8D, 0x41, 0x01, 0x33, 0xD2, 0xFF, 0x15, 0xD1, 0x1A, 0x00, 0x00, 0x48,
    0x8B, 0x44, 0x24, 0x38, 0x4C, 0x8B, 0xAC, 0x24, 0x98, 0x00, 0x00, 0x00, 0x8B, 0x5C, 0x24, 0x30,
    0x41, 0x8B, 0xFE, 0x41, 0x3A, 0xC6, 0x0F, 0x86, 0x4A, 0x01, 0x00, 0x00, 0x0F, 0xB6, 0xC0, 0xE9,
    0x37, 0x01, 0x00, 0x00, 0x44, 0x0F, 0x20, 0xC6, 0x41, 0x3A, 0xF6, 0x76, 0x04, 0x45, 0x0F, 0x22,
    0xC6, 0x48, 0x8B, 0x42, 0x18, 0x8B, 0x08, 0x49, 0x03, 0xC7, 0x0F, 0xB6, 0x10, 0x49, 0x03, 0xC7,
    0x44, 0x0F, 0xB6, 0x00, 0x49, 0x03, 0xC7, 0x42, 0x80, 0x3C, 0x38, 0x02, 0x4E, 0x8D, 0x54, 0x38,
    0x04, 0x4C, 0x8B, 0xC8, 0x4C, 0x89, 0x54, 0x24, 0x20, 0x75, 0x0A, 0xE8, 0x74, 0x0D, 0x00, 0x00,
    0xE9, 0xE8, 0x00, 0x00, 0x00, 0xE8, 0xBE, 0x0A, 0x00, 0x00, 0xE9, 0xDE, 0x00, 0x00, 0x00, 0x44,
    0x0F, 0x20, 0xC6, 0x41, 0x3A, 0xF6, 0x76, 0x04, 0x45, 0x0F, 0x22, 0xC6, 0x4C, 0x8B, 0x52, 0x18,
    0x4D, 0x8B, 0xCA, 0x41, 0x8B, 0x0A, 0x4D, 0x03, 0xD7, 0x41, 0x0F, 0xB6, 0x12, 0x4D, 0x03, 0xD7,
    0x43, 0x0F, 0xB6, 0x04, 0x3A, 0x45, 0x0F, 0xB6, 0x02, 0x41, 0x89, 0x01, 0x43, 0x80, 0x7C, 0x3A,
    0x04, 0x02, 0x49, 0x8D, 0x41, 0x04, 0x48, 0x89, 0x44, 0x24, 0x20, 0x75, 0x0A, 0xE8, 0xE2, 0x0B,
    0x00, 0x00, 0xE9, 0x96, 0x00, 0x00, 0x00, 0xE8, 0x14, 0x09, 0x00, 0x00, 0xE9, 0x8C, 0x00, 0x00,
    0x00, 0x44, 0x0F, 0x20, 0xC6, 0x41, 0x3A, 0xF6, 0x76, 0x04, 0x45, 0x0F, 0x22, 0xC6, 0x4C, 0x8B,
    0x4A, 0x18, 0x41, 0x8B, 0x09, 0x4D, 0x03, 0xCF, 0x41, 0x0F, 0xB6, 0x11, 0x4D, 0x03, 0xCF, 0x43,
    0x0F, 0xB6, 0x44, 0x39, 0x04, 0x45, 0x0F, 0xB6, 0x01, 0x47, 0x0F, 0xB6, 0x0C, 0x39, 0x89, 0x44,
    0x24, 0x20, 0xE8, 0xB9, 0x07, 0x00, 0x00, 0xEB, 0x54, 0x44, 0x0F, 0x20, 0xC6, 0x41, 0x3A, 0xF6,
    0x76, 0x04, 0x45, 0x0F, 0x22, 0xC6, 0x48, 0x8B, 0x42, 0x18, 0x41, 0xBF, 0x04, 0x00, 0x00, 0x00,
    0x4C, 0x8D, 0x4C, 0x24, 0x30, 0x8B, 0x08, 0x46, 0x0F, 0xB6, 0x44, 0x38, 0x04, 0x42, 0x0F, 0xB6,
    0x14, 0x38, 0x48, 0x8B, 0xD8, 0x48, 0x8D, 0x44, 0x24, 0x34, 0x44, 0x89, 0x74, 0x24, 0x30, 0x48,
    0x89, 0x44, 0x24, 0x20, 0x44, 0x89, 0x74, 0x24, 0x34, 0xE8, 0x2E, 0x06, 0x00, 0x00, 0x44, 0x8B,
    0x5C, 0x24, 0x30, 0x8B, 0x44, 0x24, 0x34, 0x44, 0x89, 0x1B, 0x89, 0x43, 0x04, 0x8B, 0xDF, 0x41,
    0x8B, 0xFE, 0x41, 0x3A, 0xF6, 0x76, 0x0F, 0x40, 0x0F, 0xB6, 0xC6, 0x44, 0x0F, 0x22, 0xC0, 0xEB,
    0x05, 0xBF, 0xBB, 0x00, 0x00, 0xC0, 0x45, 0x38, 0x75, 0x44, 0xB8, 0x20, 0x01, 0x00, 0xC0, 0x48,
    0x8D, 0x8C, 0x24, 0xA0, 0x00, 0x00, 0x00, 0x0F, 0x45, 0xF8, 0xFF, 0x15, 0x18, 0x19, 0x00, 0x00,
    0x4D, 0x87, 0x75, 0x68, 0x8A, 0x8C, 0x24, 0xA0, 0x00, 0x00, 0x00, 0xFF, 0x15, 0xFF, 0x18, 0x00,
    0x00, 0x8B, 0xC3, 0x33, 0xD2, 0x49, 0x8B, 0xCD, 0x41, 0x89, 0x7D, 0x30, 0x49, 0x89, 0x45, 0x38,
    0xFF, 0x15, 0x02, 0x19, 0x00, 0x00, 0x48, 0x8B, 0x8C, 0x24, 0x90, 0x00, 0x00, 0x00, 0xB2, 0x01,
    0xFF, 0x15, 0xBA, 0x18, 0x00, 0x00, 0x48, 0x83, 0xC4, 0x48, 0x41, 0x5F, 0x41, 0x5E, 0x41, 0x5D,
    0x41, 0x5C, 0x5F, 0x5E, 0x5D, 0x5B, 0xC3, 0xCC, 0xCC, 0xCC, 0xCC, 0xCC, 0xCC, 0xCC, 0xCC, 0xCC,
    0x48, 0x8B, 0xC4, 0x48, 0x89, 0x58, 0x08, 0x48, 0x89, 0x68, 0x10, 0x48, 0x89, 0x70, 0x18, 0x57,
    0x48, 0x83, 0xEC, 0x30, 0x48, 0x83, 0x60, 0xE8, 0x00, 0x8B, 0xF9, 0x41, 0x8B, 0xE8, 0x48, 0x8B,
    0xF2, 0x48, 0x8D, 0x0D, 0x48, 0x29, 0x00, 0x00, 0x45, 0x33, 0xC9, 0x45, 0x33, 0xC0, 0x33, 0xD2,
    0xFF, 0x15, 0x7A, 0x18, 0x00, 0x00, 0x83, 0x64, 0x24, 0x5C, 0x00, 0x89, 0x7C, 0x24, 0x58, 0x48,
    0x8B, 0x4C, 0x24, 0x58, 0x45, 0x33, 0xC0, 0x48, 0x8B, 0xD5, 0x48, 0x8B, 0xDD, 0xFF, 0x15, 0x55,
    0x18, 0x00, 0x00, 0x4C, 0x8B, 0xD8, 0x83, 0xFD, 0x04, 0x75, 0x06, 0x8B, 0x08, 0x89, 0x0E, 0xEB,
    0x18, 0x83, 0xFD, 0x02, 0x75, 0x08, 0x0F, 0xB7, 0x00, 0x66, 0x89, 0x06, 0xEB, 0x0B, 0x48, 0x8B,
    0xFE, 0x48, 0x8B, 0xCB, 0x48, 0x8B, 0xF0, 0xF3, 0xA4, 0x48, 0x8B, 0xD3, 0x49, 0x8B, 0xCB, 0xFF,
    0x15, 0x0B, 0x18, 0x00, 0x00, 0x45, 0x33, 0xC9, 0x48, 0x8D, 0x0D, 0xE1, 0x28, 0x00, 0x00, 0x45,
    0x8D, 0x41, 0x01, 0x33, 0xD2, 0x48, 0x8B, 0x5C, 0x24, 0x40, 0x48, 0x8B, 0x6C, 0x24, 0x48, 0x48,
    0x8B, 0x74, 0x24, 0x50, 0x48, 0x83, 0xC4, 0x30, 0x5F, 0x48, 0xFF, 0x25, 0x50, 0x18, 0x00, 0x00,
    0xCC, 0xCC, 0xCC, 0xCC, 0xCC, 0xCC, 0xCC, 0xCC, 0x48, 0x8B, 0xC4, 0x48, 0x89, 0x58, 0x08, 0x48,
    0x89, 0x68, 0x10, 0x48, 0x89, 0x70, 0x18, 0x57, 0x48, 0x83, 0xEC, 0x30, 0x48, 0x83, 0x60, 0xE8,
    0x00, 0x8B, 0xD9, 0x41, 0x8B, 0xF0, 0x48, 0x8B, 0xFA, 0x48, 0x8D, 0x0D, 0x90, 0x28, 0x00, 0x00,
    0x45, 0x33, 0xC9, 0x45, 0x33, 0xC0, 0x33, 0xD2, 0xFF, 0x15, 0xC2, 0x17, 0x00, 0x00, 0x83, 0x64,
    0x24, 0x5C, 0x00, 0x89, 0x5C, 0x24, 0x58, 0x48, 0x8B, 0x4C, 0x24, 0x58, 0x45, 0x33, 0xC0, 0x48,
    0x8B, 0xD6, 0xFF, 0x15, 0xA0, 0x17, 0x00, 0x00, 0x48, 0x8B, 0xD8, 0x83, 0xFE, 0x04, 0x75, 0x06,
    0x8B, 0x0F, 0x89, 0x08, 0xEB, 0x26, 0x83, 0xFE, 0x02, 0x75, 0x08, 0x0F, 0xB7, 0x07, 0x66, 0x89,
    0x03, 0xEB, 0x19, 0x83, 0xFE, 0x01, 0x75, 0x06, 0x8A, 0x07, 0x88, 0x03, 0xEB, 0x0E, 0x4C, 0x8B,
    0xC6, 0x48, 0x8B, 0xD7, 0x48, 0x8B, 0xC8, 0xE8, 0xA4, 0x0E, 0x00, 0x00, 0x48, 0x8B, 0xD6, 0x48,
    0x8B, 0xCB, 0xFF, 0x15, 0x48, 0x17, 0x00, 0x00, 0x45, 0x33, 0xC9, 0x48, 0x8D, 0x0D, 0x1E, 0x28,
    0x00, 0x00, 0x45, 0x8D, 0x41, 0x01, 0x33, 0xD2, 0x48, 0x8B, 0x5C, 0x24, 0x40, 0x48, 0x8B, 0x6C,
    0x24, 0x48, 0x48, 0x8B, 0x74, 0x24, 0x50, 0x48, 0x83, 0xC4, 0x30, 0x5F, 0x48, 0xFF, 0x25, 0x8D,
    0x17, 0x00, 0x00, 0xCC, 0xCC, 0xCC, 0xCC, 0xCC, 0xCC, 0xCC, 0xCC, 0xCC, 0x48, 0x8B, 0xC4, 0x48,
    0x89, 0x58, 0x08, 0x48, 0x89, 0x68, 0x10, 0x48, 0x89, 0x70, 0x18, 0x48, 0x89, 0x78, 0x20, 0x41,
    0x54, 0x48, 0x83, 0xEC, 0x30, 0x44, 0x8B, 0xE1, 0x41, 0x8B, 0xF9, 0x41, 0x8B, 0xF0, 0x8B, 0xEA,
    0x48, 0x8D, 0x0D, 0xC9, 0x27, 0x00, 0x00, 0x33, 0xDB, 0x45, 0x33, 0xC9, 0x45, 0x33, 0xC0, 0x33,
    0xD2, 0x48, 0x89, 0x58, 0xE8, 0xFF, 0x15, 0xF5, 0x16, 0x00, 0x00, 0x44, 0x8D, 0x43, 0x01, 0x41,
    0x3B, 0xF8, 0x75, 0x11, 0x41, 0x0F, 0xB7, 0xD4, 0x40, 0x8A, 0xC6, 0xEE, 0x0F, 0xB7, 0xD5, 0xEC,
    0x0F, 0xB6, 0xD8, 0xEB, 0x2A, 0x83, 0xFF, 0x02, 0x75, 0x13, 0x41, 0x0F, 0xB7, 0xD4, 0x0F, 0xB7,
    0xC6, 0x66, 0xEF, 0x0F, 0xB7, 0xD5, 0x66, 0xED, 0x0F, 0xB7, 0xD8, 0xEB, 0x12, 0x83, 0xFF, 0x04,
    0x75, 0x0D, 0x41, 0x0F, 0xB7, 0xD4, 0x8B, 0xC6, 0xEF, 0x0F, 0xB7, 0xD5, 0xED, 0x8B, 0xD8, 0x48,
    0x8D, 0x0D, 0x6A, 0x27, 0x00, 0x00, 0x45, 0x33, 0xC9, 0x33, 0xD2, 0xFF, 0x15, 0xEF, 0x16, 0x00,
    0x00, 0x48, 0x8B, 0x6C, 0x24, 0x48, 0x48, 0x8B, 0x74, 0x24, 0x50, 0x48, 0x8B, 0x7C, 0x24, 0x58,
    0x8B, 0xC3, 0x48, 0x8B, 0x5C, 0x24, 0x40, 0x48, 0x83, 0xC4, 0x30, 0x41, 0x5C, 0xC3, 0xCC, 0xCC,
    0xCC, 0xCC, 0xCC, 0xCC, 0x48, 0x8B, 0xC4, 0x48, 0x89, 0x58, 0x08, 0x48, 0x89, 0x68, 0x10, 0x48,
    0x89, 0x70, 0x20, 0x57, 0x41, 0x54, 0x41, 0x55, 0x41, 0x56, 0x41, 0x57, 0x48, 0x83, 0xEC, 0x30,
    0x8B, 0xF9, 0x8B, 0xEA, 0x33, 0xF6, 0x48, 0x8D, 0x0D, 0x13, 0x27, 0x00, 0x00, 0x45, 0x33, 0xC9,
    0x45, 0x33, 0xC0, 0x33, 0xD2, 0x48, 0x89, 0x70, 0xC8, 0xFF, 0x15, 0x41, 0x16, 0x00, 0x00, 0x44,
    0x8D, 0x67, 0x02, 0x44, 0x8D, 0x6F, 0x03, 0x44, 0x8D, 0x77, 0x04, 0x44, 0x8D, 0x7F, 0x05, 0x48,
    0xC7, 0x44, 0x24, 0x70, 0xF6, 0xFF, 0xFF, 0xFF, 0x8B, 0xDE, 0x4C, 0x8D, 0x44, 0x24, 0x70, 0x33,
    0xD2, 0x33, 0xC9, 0xFF, 0x15, 0xFF, 0x15, 0x00, 0x00, 0x0F, 0xB7, 0xD7, 0xEC, 0xFF, 0xC3, 0x81,
    0xFB, 0xE8, 0x03, 0x00, 0x00, 0x76, 0x16, 0xB0, 0xFF, 0xEE, 0x4C, 0x8D, 0x44, 0x24, 0x70, 0x33,
    0xD2, 0x33, 0xC9, 0xFF, 0x15, 0xDF, 0x15, 0x00, 0x00, 0x0F, 0xB7, 0xD7, 0xEC, 0xA8, 0x40, 0x75,
    0xC9, 0x8D, 0x57, 0x06, 0x33, 0xC0, 0xEE, 0x41, 0x0F, 0xB7, 0xD7, 0xEE, 0x41, 0x0F, 0xB7, 0xD6,
    0x40, 0x8A, 0xC5, 0xEE, 0x41, 0x0F, 0xB7, 0xD5, 0x33, 0xC0, 0xEE, 0x41, 0x0F, 0xB7, 0xD4, 0xB0,
    0x40, 0xEE, 0x0F, 0xB7, 0xD7, 0xEC, 0x8A, 0xD8, 0x4C, 0x8D, 0x44, 0x24, 0x70, 0x33, 0xD2, 0x33,
    0xC9, 0xFF, 0x15, 0xA1, 0x15, 0x00, 0x00, 0xF6, 0xC3, 0x0E, 0x74, 0xE6, 0x4C, 0x8D, 0x44, 0x24,
    0x70, 0x33, 0xD2, 0x33, 0xC9, 0xFF, 0x15, 0x8D, 0x15, 0x00, 0x00, 0x0F, 0xB7, 0xD7, 0xEC, 0x8A,
    0xD8, 0xB0, 0xFF, 0xEE, 0x45, 0x33, 0xC9, 0x48, 0x8D, 0x0D, 0x52, 0x26, 0x00, 0x00, 0x33, 0xD2,
    0x45, 0x8D, 0x41, 0x01, 0xFF, 0x15, 0xD6, 0x15, 0x00, 0x00, 0x48, 0x8B, 0x6C, 0x24, 0x68, 0xF6,
    0xC3, 0x04, 0x48, 0x8B, 0x5C, 0x24, 0x60, 0x40, 0x0F, 0x96, 0xC6, 0x8B, 0xC6, 0x48, 0x8B, 0x74,
    0x24, 0x78, 0x48, 0x83, 0xC4, 0x30, 0x41, 0x5F, 0x41, 0x5E, 0x41, 0x5D, 0x41, 0x5C, 0x5F, 0xC3,
    0xCC, 0xCC, 0xCC, 0xCC, 0xCC, 0xCC, 0xCC, 0xCC, 0x48, 0x8B, 0xC4, 0x48, 0x89, 0x58, 0x08, 0x48,
    0x89, 0x68, 0x10, 0x48, 0x89, 0x70, 0x18, 0x4C, 0x89, 0x48, 0x20, 0x57, 0x41, 0x54, 0x41, 0x55,
    0x41, 0x56, 0x41, 0x57, 0x48, 0x83, 0xEC, 0x40, 0x8B, 0xF9, 0x41, 0x8B, 0xE8, 0x8B, 0xF2, 0x33,
    0xDB, 0x48, 0x8D, 0x0D, 0xE8, 0x25, 0x00, 0x00, 0x45, 0x33, 0xC9, 0x45, 0x33, 0xC0, 0x33, 0xD2,
    0x48, 0x89, 0x58, 0xB8, 0xFF, 0x15, 0x16, 0x15, 0x00, 0x00, 0x44, 0x8D, 0x67, 0x02, 0x44, 0x8D,
    0x6F, 0x03, 0x44, 0x8D, 0x77, 0x04, 0x44, 0x8D, 0x7F, 0x05, 0x48, 0xC7, 0x44, 0x24, 0x30, 0xF6,
    0xFF, 0xFF, 0xFF, 0x4C, 0x8D, 0x44, 0x24, 0x30, 0x33, 0xD2, 0x33, 0xC9, 0xFF, 0x15, 0xD6, 0x14,
    0x00, 0x00, 0x0F, 0xB7, 0xD7, 0xEC, 0xFF, 0xC3, 0x81, 0xFB, 0xE8, 0x03, 0x00, 0x00, 0x76, 0x16,
    0xB0, 0xFF, 0xEE, 0x4C, 0x8D, 0x44, 0x24, 0x30, 0x33, 0xD2, 0x33, 0xC9, 0xFF, 0x15, 0xB6, 0x14,
    0x00, 0x00, 0x0F, 0xB7, 0xD7, 0xEC, 0xA8, 0x40, 0x75, 0xC9, 0x41, 0x0F, 0xB7, 0xD7, 0xB0, 0xFF,
    0xEE, 0x8D, 0x46, 0x01, 0x41, 0x0F, 0xB7, 0xD6, 0xEE, 0x41, 0x0F, 0xB7, 0xD5, 0x40, 0x8A, 0xC5,
    0xEE, 0x41, 0x0F, 0xB7, 0xD4, 0xB0, 0x48, 0xEE, 0x0F, 0xB7, 0xD7, 0xEC, 0x8A, 0xD8, 0x4C, 0x8D,
    0x44, 0x24, 0x30, 0x33, 0xD2, 0x33, 0xC9, 0xFF, 0x15, 0x7B, 0x14, 0x00, 0x00, 0xF6, 0xC3, 0x0F,
    0x74, 0xE6, 0x4C, 0x8D, 0x44, 0x24, 0x30, 0x33, 0xD2, 0x33, 0xC9, 0xFF, 0x15, 0x67, 0x14, 0x00,
    0x00, 0x41, 0x0F, 0xB7, 0xD7, 0xEC, 0x4C, 0x8B, 0x8C, 0x24, 0x88, 0x00, 0x00, 0x00, 0x0F, 0xB6,
    0xD0, 0x41, 0x89, 0x11, 0x0F, 0xB7, 0xD7, 0xB0, 0xFF, 0xEE, 0x45, 0x33, 0xC9, 0x48, 0x8D, 0x0D,
    0x1C, 0x25, 0x00, 0x00, 0x33, 0xD2, 0x45, 0x8D, 0x41, 0x01, 0xFF, 0x15, 0xA0, 0x14, 0x00, 0x00,
    0x4C, 0x8D, 0x5C, 0x24, 0x40, 0x49, 0x8B, 0x5B, 0x30, 0x49, 0x8B, 0x6B, 0x38, 0x49, 0x8B, 0x73,
    0x40, 0x49, 0x8B, 0xE3, 0x41, 0x5F, 0x41, 0x5E, 0x41, 0x5D, 0x41, 0x5C, 0x5F, 0xC3, 0xCC, 0xCC,
    0xCC, 0xCC, 0xCC, 0xCC, 0x48, 0x8B, 0xC4, 0x48, 0x89, 0x58, 0x08, 0x48, 0x89, 0x68, 0x10, 0x48,
    0x89, 0x70, 0x18, 0x57, 0x41, 0x54, 0x41, 0x55, 0x41, 0x56, 0x41, 0x57, 0x48, 0x83, 0xEC, 0x40,
    0x8B, 0xF9, 0x41, 0x8B, 0xF1, 0x41, 0x8B, 0xE8, 0x44, 0x8B, 0xE2, 0x33, 0xDB, 0x48, 0x8D, 0x0D,
    0xBC, 0x24, 0x00, 0x00, 0x45, 0x33, 0xC9, 0x45, 0x33, 0xC0, 0x33, 0xD2, 0x48, 0x89, 0x58, 0xB8,
    0xFF, 0x15, 0xEA, 0x13, 0x00, 0x00, 0x44, 0x8D, 0x6F, 0x02, 0x44, 0x8D, 0x77, 0x03, 0x44, 0x8D,
    0x7F, 0x04, 0x48, 0xC7, 0x44, 0x24, 0x30, 0xF6, 0xFF, 0xFF, 0xFF, 0x4C, 0x8D, 0x44, 0x24, 0x30,
    0x33, 0xD2, 0x33, 0xC9, 0xFF, 0x15, 0xAE, 0x13, 0x00, 0x00, 0x0F, 0xB7, 0xD7, 0xEC, 0xFF, 0xC3,
    0x81, 0xFB, 0xE8, 0x03, 0x00, 0x00, 0x76, 0x16, 0xB0, 0xFF, 0xEE, 0x4C, 0x8D, 0x44, 0x24, 0x30,
    0x33, 0xD2, 0x33, 0xC9, 0xFF, 0x15, 0x8E, 0x13, 0x00, 0x00, 0x0F, 0xB7, 0xD7, 0xEC, 0xA8, 0x40,
    0x75, 0xC9, 0x8D, 0x57, 0x05, 0x40, 0x8A, 0xC6, 0xEE, 0x41, 0x0F, 0xB7, 0xD7, 0x41, 0x8A, 0xC4,
    0xEE, 0x41, 0x0F, 0xB7, 0xD6, 0x40, 0x8A, 0xC5, 0xEE, 0x41, 0x0F, 0xB7, 0xD5, 0xB0, 0x48, 0xEE,
    0x0F, 0xB7, 0xD7, 0xEC, 0x8A, 0xD8, 0x4C, 0x8D, 0x44, 0x24, 0x30, 0x33, 0xD2, 0x33, 0xC9, 0xFF,
    0x15, 0x53, 0x13, 0x00, 0x00, 0xF6, 0xC3, 0x0F, 0x74, 0xE6, 0x0F, 0xB7, 0xD7, 0xB0, 0xFF, 0xEE,
    0x4C, 0x8D, 0x44, 0x24, 0x30, 0x33, 0xD2, 0x33, 0xC9, 0xFF, 0x15, 0x39, 0x13, 0x00, 0x00, 0x45,
    0x33, 0xC9, 0x48, 0x8D, 0x0D, 0x07, 0x24, 0x00, 0x00, 0x45, 0x8D, 0x41, 0x01, 0x33, 0xD2, 0xFF,
    0x15, 0x8B, 0x13, 0x00, 0x00, 0x4C, 0x8D, 0x5C, 0x24, 0x40, 0x49, 0x8B, 0x5B, 0x30, 0x49, 0x8B,
    0x6B, 0x38, 0x49, 0x8B, 0x73, 0x40, 0x49, 0x8B, 0xE3, 0x41, 0x5F, 0x41, 0x5E, 0x41, 0x5D, 0x41,
    0x5C, 0x5F, 0xC3, 0xCC, 0xCC, 0xCC, 0xCC, 0xCC, 0xCC, 0xCC, 0xCC, 0xCC, 0x48, 0x8B, 0xC4, 0x48,
    0x89, 0x58, 0x08, 0x48, 0x89, 0x68, 0x10, 0x48, 0x89, 0x70, 0x18, 0x4C, 0x89, 0x48, 0x20, 0x57,
    0x41, 0x54, 0x41, 0x55, 0x41, 0x56, 0x41, 0x57, 0x48, 0x83, 0xEC, 0x40, 0x8B, 0xF9, 0x41, 0x8B,
    0xE8, 0x8B, 0xF2, 0x33, 0xDB, 0x48, 0x8D, 0x0D, 0xA4, 0x23, 0x00, 0x00, 0x45, 0x33, 0xC9, 0x45,
    0x33, 0xC0, 0x33, 0xD2, 0x48, 0x89, 0x58, 0xB8, 0xFF, 0x15, 0xD2, 0x12, 0x00, 0x00, 0x44, 0x8D,
    0x67, 0x02, 0x44, 0x8D, 0x6F, 0x03, 0x44, 0x8D, 0x77, 0x04, 0x44, 0x8D, 0x7F, 0x05, 0x48, 0xC7,
    0x44, 0x24, 0x30, 0xF6, 0xFF, 0xFF, 0xFF, 0x4C, 0x8D, 0x44, 0x24, 0x30, 0x33, 0xD2, 0x33, 0xC9,
    0xFF, 0x15, 0x92, 0x12, 0x00, 0x00, 0x0F, 0xB7, 0xD7, 0xEC, 0xFF, 0xC3, 0x81, 0xFB, 0xE8, 0x03,
    0x00, 0x00, 0x76, 0x16, 0xB0, 0xFF, 0xEE, 0x4C, 0x8D, 0x44, 0x24, 0x30, 0x33, 0xD2, 0x33, 0xC9,
    0xFF, 0x15, 0x72, 0x12, 0x00, 0x00, 0x0F, 0xB7, 0xD7, 0xEC, 0xA8, 0x40, 0x75, 0xC9, 0x8D, 0x57,
    0x06, 0xB0, 0xFF, 0xEE, 0x41, 0x0F, 0xB7, 0xD7, 0xEE, 0x8D, 0x46, 0x01, 0x41, 0x0F, 0xB7, 0xD6,
    0xEE, 0x41, 0x0F, 0xB7, 0xD5, 0x40, 0x8A, 0xC5, 0xEE, 0x41, 0x0F, 0xB7, 0xD4, 0xB0, 0x4C, 0xEE,
    0x0F, 0xB7, 0xD7, 0xEC, 0x8A, 0xD8, 0x4C, 0x8D, 0x44, 0x24, 0x30, 0x33, 0xD2, 0x33, 0xC9, 0xFF,
    0x15, 0x33, 0x12, 0x00, 0x00, 0xF6, 0xC3, 0x0F, 0x74, 0xE6, 0x4C, 0x8D, 0x44, 0x24, 0x30, 0x33,
    0xD2, 0x33, 0xC9, 0xFF, 0x15, 0x1F, 0x12, 0x00, 0x00, 0x41, 0x0F, 0xB7, 0xD7, 0xEC, 0x48, 0x8B,
    0x94, 0x24, 0x88, 0x00, 0x00, 0x00, 0x0F, 0xB6, 0xC8, 0x89, 0x0A, 0x8D, 0x57, 0x06, 0xEC, 0x48,
    0x8B, 0x94, 0x24, 0x90, 0x00, 0x00, 0x00, 0x44, 0x0F, 0xB6, 0xC8, 0x44, 0x89, 0x0A, 0x0F, 0xB7,
    0xD7, 0xB0, 0xFF, 0xEE, 0x45, 0x33, 0xC9, 0x48, 0x8D, 0x0D, 0xC2, 0x22, 0x00, 0x00, 0x33, 0xD2,
    0x45, 0x8D, 0x41, 0x01, 0xFF, 0x15, 0x46, 0x12, 0x00, 0x00, 0x4C, 0x8D, 0x5C, 0x24, 0x40, 0x49,
    0x8B, 0x5B, 0x30, 0x49, 0x8B, 0x6B, 0x38, 0x49, 0x8B, 0x73, 0x40, 0x49, 0x8B, 0xE3, 0x41, 0x5F,
    0x41, 0x5E, 0x41, 0x5D, 0x41, 0x5C, 0x5F, 0xC3, 0xCC, 0xCC, 0xCC, 0xCC, 0xCC, 0xCC, 0xCC, 0xCC,
    0x48, 0x8B, 0xC4, 0x48, 0x89, 0x58, 0x08, 0x48, 0x89, 0x68, 0x10, 0x48, 0x89, 0x70, 0x18, 0x57,
    0x41, 0x54, 0x41, 0x55, 0x41, 0x56, 0x41, 0x57, 0x48, 0x83, 0xEC, 0x40, 0x8B, 0xF9, 0x41, 0x8B,
    0xF1, 0x41, 0x8B, 0xE8, 0x44, 0x8B, 0xE2, 0x33, 0xDB, 0x48, 0x8D, 0x0D, 0x60, 0x22, 0x00, 0x00,
    0x45, 0x33, 0xC9, 0x45, 0x33, 0xC0, 0x33, 0xD2, 0x48, 0x89, 0x58, 0xB8, 0xFF, 0x15, 0x8E, 0x11,
    0x00, 0x00, 0x44, 0x8D, 0x6F, 0x02, 0x44, 0x8D, 0x77, 0x03, 0x44, 0x8D, 0x7F, 0x04, 0x48, 0xC7,
    0x44, 0x24, 0x30, 0xF6, 0xFF, 0xFF, 0xFF, 0x4C, 0x8D, 0x44, 0x24, 0x30, 0x33, 0xD2, 0x33, 0xC9,
    0xFF, 0x15, 0x52, 0x11, 0x00, 0x00, 0x0F, 0xB7, 0xD7, 0xEC, 0xFF, 0xC3, 0x81, 0xFB, 0xE8, 0x03,
    0x00, 0x00, 0x76, 0x16, 0xB0, 0xFF, 0xEE, 0x4C, 0x8D, 0x44, 0x24, 0x30, 0x33, 0xD2, 0x33, 0xC9,
    0xFF, 0x15, 0x32, 0x11, 0x00, 0x00, 0x0F, 0xB7, 0xD7, 0xEC, 0xA8, 0x40, 0x75, 0xC9, 0x8D, 0x57,
    0x05, 0x40, 0x8A, 0xC6, 0xEE, 0x8A, 0x84, 0x24, 0x90, 0x00, 0x00, 0x00, 0x8D, 0x57, 0x06, 0xEE,
    0x41, 0x0F, 0xB7, 0xD7, 0x41, 0x8A, 0xC4, 0xEE, 0x41, 0x0F, 0xB7, 0xD6, 0x40, 0x8A, 0xC5, 0xEE,
    0x41, 0x0F, 0xB7, 0xD5, 0xB0, 0x4C, 0xEE, 0x0F, 0xB7, 0xD7, 0xEC, 0x8A, 0xD8, 0x4C, 0x8D, 0x44,
    0x24, 0x30, 0x33, 0xD2, 0x33, 0xC9, 0xFF, 0x15, 0xEC, 0x10, 0x00, 0x00, 0xF6, 0xC3, 0x0F, 0x74,
    0xE6, 0x0F, 0xB7, 0xD7, 0xB0, 0xFF, 0xEE, 0x4C, 0x8D, 0x44, 0x24, 0x30, 0x33, 0xD2, 0x33, 0xC9,
    0xFF, 0x15, 0xD2, 0x10, 0x00, 0x00, 0x45, 0x33, 0xC9, 0x48, 0x8D, 0x0D, 0xA0, 0x21, 0x00, 0x00,
    0x45, 0x8D, 0x41, 0x01, 0x33, 0xD2, 0xFF, 0x15, 0x24, 0x11, 0x00, 0x00, 0x4C, 0x8D, 0x5C, 0x24,
    0x40, 0x49, 0x8B, 0x5B, 0x30, 0x49, 0x8B, 0x6B, 0x38, 0x49, 0x8B, 0x73, 0x40, 0x49, 0x8B, 0xE3,
    0x41, 0x5F, 0x41, 0x5E, 0x41, 0x5D, 0x41, 0x5C, 0x5F, 0xC3, 0xCC, 0xCC, 0xCC, 0xCC, 0xCC, 0xCC,
    0x48, 0x8B, 0xC4, 0x48, 0x89, 0x58, 0x08, 0x48, 0x89, 0x68, 0x10, 0x48, 0x89, 0x70, 0x18, 0x57,
    0x41, 0x54, 0x41, 0x55, 0x41, 0x56, 0x41, 0x57, 0x48, 0x83, 0xEC, 0x30, 0x8B, 0xF9, 0x4D, 0x8B,
    0xE1, 0x45, 0x8B, 0xF0, 0x44, 0x8B, 0xEA, 0x33, 0xED, 0x48, 0x8D, 0x0D, 0x40, 0x21, 0x00, 0x00,
    0x45, 0x33, 0xC9, 0x45, 0x33, 0xC0, 0x33, 0xD2, 0x48, 0x89, 0x68, 0xC8, 0xFF, 0x15, 0x6E, 0x10,
    0x00, 0x00, 0x44, 0x8D, 0x7F, 0x02, 0x8D, 0x77, 0x05, 0x48, 0xC7, 0x44, 0x24, 0x78, 0xF6, 0xFF,
    0xFF, 0xFF, 0x8B, 0xDD, 0x4C, 0x8D, 0x44, 0x24, 0x78, 0x33, 0xD2, 0x33, 0xC9, 0xFF, 0x15, 0x35,
    0x10, 0x00, 0x00, 0x0F, 0xB7, 0xD7, 0xEC, 0xFF, 0xC3, 0x81, 0xFB, 0xE8, 0x03, 0x00, 0x00, 0x76,
    0x16, 0xB0, 0xFF, 0xEE, 0x4C, 0x8D, 0x44, 0x24, 0x78, 0x33, 0xD2, 0x33, 0xC9, 0xFF, 0x15, 0x15,
    0x10, 0x00, 0x00, 0x0F, 0xB7, 0xD7, 0xEC, 0xA8, 0x40, 0x75, 0xC9, 0x8D, 0x57, 0x07, 0xB0, 0xFF,
    0xEE, 0x41, 0x8A, 0x04, 0x24, 0x0F, 0xB7, 0xD6, 0xEE, 0x41, 0x8D, 0x45, 0x01, 0x8D, 0x57, 0x04,
    0xEE, 0x8D, 0x57, 0x03, 0x41, 0x8A, 0xC6, 0xEE, 0x41, 0x0F, 0xB7, 0xD7, 0xB0, 0x54, 0xEE, 0x41,
    0xB5, 0x0F, 0x0F, 0xB7, 0xD7, 0xEC, 0x8A, 0xD8, 0x4C, 0x8D, 0x44, 0x24, 0x78, 0x33, 0xD2, 0x33,
    0xC9, 0xFF, 0x15, 0xD1, 0x0F, 0x00, 0x00, 0x41, 0x84, 0xDD, 0x74, 0xE6, 0x0F, 0xB7, 0xD6, 0xEC,
    0x0F, 0xB6, 0xC8, 0x41, 0x89, 0x0C, 0x24, 0x3B, 0xCD, 0x76, 0x3C, 0x48, 0x8B, 0xB4, 0x24, 0x80,
    0x00, 0x00, 0x00, 0x8D, 0x57, 0x07, 0xEC, 0x88, 0x06, 0x0F, 0xB7, 0xD7, 0xB0, 0xFF, 0xEE, 0x0F,
    0xB7, 0xD7, 0xEC, 0x8A, 0xD8, 0x4C, 0x8D, 0x44, 0x24, 0x78, 0x33, 0xD2, 0x33, 0xC9, 0xFF, 0x15,
    0x94, 0x0F, 0x00, 0x00, 0x41, 0x22, 0xDD, 0x41, 0x3A, 0xDD, 0x74, 0xE3, 0xFF, 0xC5, 0x48, 0xFF,
    0xC6, 0x41, 0x3B, 0x2C, 0x24, 0x72, 0xCC, 0x0F, 0xB7, 0xD7, 0xB0, 0xFF, 0xEE, 0x45, 0x33, 0xC9,
    0x48, 0x8D, 0x0D, 0x49, 0x20, 0x00, 0x00, 0x33, 0xD2, 0x45, 0x8D, 0x41, 0x01, 0xFF, 0x15, 0xCD,
    0x0F, 0x00, 0x00, 0x48, 0x8B, 0x5C, 0x24, 0x60, 0x48, 0x8B, 0x6C, 0x24, 0x68, 0x48, 0x8B, 0x74,
    0x24, 0x70, 0x48, 0x83, 0xC4, 0x30, 0x41, 0x5F, 0x41, 0x5E, 0x41, 0x5D, 0x41, 0x5C, 0x5F, 0xC3,
    0xCC, 0xCC, 0xCC, 0xCC, 0xCC, 0xCC, 0xCC, 0xCC, 0x48, 0x8B, 0xC4, 0x48, 0x89, 0x58, 0x08, 0x48,
    0x89, 0x68, 0x10, 0x48, 0x89, 0x70, 0x18, 0x57, 0x41, 0x54, 0x41, 0x55, 0x41, 0x56, 0x41, 0x57,
    0x48, 0x83, 0xEC, 0x30, 0x8B, 0xF9, 0x4D, 0x8B, 0xE1, 0x41, 0x8B, 0xF0, 0x44, 0x8B, 0xF2, 0x33,
    0xDB, 0x48, 0x8D, 0x0D, 0xE8, 0x1F, 0x00, 0x00, 0x45, 0x33, 0xC9, 0x45, 0x33, 0xC0, 0x33, 0xD2,
    0x48, 0x89, 0x58, 0xC8, 0xFF, 0x15, 0x16, 0x0F, 0x00, 0x00, 0x44, 0x8D, 0x7F, 0x02, 0x8D, 0x6F,
    0x05, 0x44, 0x8D, 0x6F, 0x07, 0x48, 0xC7, 0x44, 0x24, 0x78, 0xF6, 0xFF, 0xFF, 0xFF, 0x4C, 0x8D,
    0x44, 0x24, 0x78, 0x33, 0xD2, 0x33, 0xC9, 0xFF, 0x15, 0xDB, 0x0E, 0x00, 0x00, 0x0F, 0xB7, 0xD7,
    0xEC, 0xFF, 0xC3, 0x81, 0xFB, 0xE8, 0x03, 0x00, 0x00, 0x76, 0x16, 0xB0, 0xFF, 0xEE, 0x4C, 0x8D,
    0x44, 0x24, 0x78, 0x33, 0xD2, 0x33, 0xC9, 0xFF, 0x15, 0xBB, 0x0E, 0x00, 0x00, 0x0F, 0xB7, 0xD7,
    0xEC, 0xA8, 0x40, 0x75, 0xC9, 0x41, 0x8A, 0x04, 0x24, 0x0F, 0xB7, 0xD5, 0xEE, 0x48, 0x8B, 0xAC,
    0x24, 0x80, 0x00, 0x00, 0x00, 0x8A, 0x45, 0x00, 0x41, 0x0F, 0xB7, 0xD5, 0xEE, 0x8D, 0x57, 0x04,
    0x41, 0x8A, 0xC6, 0xEE, 0x8D, 0x57, 0x03, 0x40, 0x8A, 0xC6, 0xEE, 0x41, 0x0F, 0xB7, 0xD7, 0xB0,
    0x54, 0xEE, 0x41, 0xB6, 0x0F, 0x0F, 0xB7, 0xD7, 0xEC, 0x8A, 0xD8, 0x4C, 0x8D, 0x44, 0x24, 0x78,
    0x33, 0xD2, 0x33, 0xC9, 0xFF, 0x15, 0x6E, 0x0E, 0x00, 0x00, 0x41, 0x84, 0xDE, 0x74, 0xE6, 0xBE,
    0x01, 0x00, 0x00, 0x00, 0x41, 0x39, 0x34, 0x24, 0x76, 0x39, 0x48, 0xFF, 0xC5, 0x8A, 0x45, 0x00,
    0x41, 0x0F, 0xB7, 0xD5, 0xEE, 0x0F, 0xB7, 0xD7, 0xB0, 0xFF, 0xEE, 0x0F, 0xB7, 0xD7, 0xEC, 0x8A,
    0xD8, 0x4C, 0x8D, 0x44, 0x24, 0x78, 0x33, 0xD2, 0x33, 0xC9, 0xFF, 0x15, 0x38, 0x0E, 0x00, 0x00,
    0x41, 0x22, 0xDE, 0x41, 0x3A, 0xDE, 0x74, 0xE3, 0xFF, 0xC6, 0x48, 0xFF, 0xC5, 0x41, 0x3B, 0x34,
    0x24, 0x72, 0xCA, 0x0F, 0xB7, 0xD7, 0xB0, 0xFF, 0xEE, 0x4C, 0x8D, 0x44, 0x24, 0x78, 0x33, 0xD2,
    0x33, 0xC9, 0xFF, 0x15, 0x10, 0x0E, 0x00, 0x00, 0x45, 0x33, 0xC9, 0x48, 0x8D, 0x0D, 0xDE, 0x1E,
    0x00, 0x00, 0x45, 0x8D, 0x41, 0x01, 0x33, 0xD2, 0xFF, 0x15, 0x62, 0x0E, 0x00, 0x00, 0x48, 0x8B,
    0x5C, 0x24, 0x60, 0x48, 0x8B, 0x6C, 0x24, 0x68, 0x48, 0x8B, 0x74, 0x24, 0x70, 0x48, 0x83, 0xC4,
    0x30, 0x41, 0x5F, 0x41, 0x5E, 0x41, 0x5D, 0x41, 0x5C, 0x5F, 0xC3, 0xCC, 0xCC, 0xCC, 0xCC, 0xCC,
    0xCC, 0xCC, 0xCC, 0xCC, 0x48, 0x8B, 0xC4, 0x48, 0x89, 0x58, 0x08, 0x48, 0x89, 0x68, 0x10, 0x48,
    0x89, 0x70, 0x18, 0x57, 0x41, 0x54, 0x41, 0x55, 0x41, 0x56, 0x41, 0x57, 0x48, 0x83, 0xEC, 0x30,
    0x8B, 0xF1, 0x49, 0x8B, 0xE9, 0x45, 0x8B, 0xF0, 0x44, 0x8B, 0xEA, 0x33, 0xFF, 0x48, 0x8D, 0x0D,
    0x7C, 0x1E, 0x00, 0x00, 0x45, 0x33, 0xC9, 0x45, 0x33, 0xC0, 0x33, 0xD2, 0x48, 0x89, 0x78, 0xC8,
    0xFF, 0x15, 0xAA, 0x0D, 0x00, 0x00, 0x44, 0x8D, 0x7E, 0x02, 0x44, 0x8D, 0x66, 0x05, 0x48, 0xC7,
    0x44, 0x24, 0x78, 0xF6, 0xFF, 0xFF, 0xFF, 0x8B, 0xDF, 0x4C, 0x8D, 0x44, 0x24, 0x78, 0x33, 0xD2,
    0x33, 0xC9, 0xFF, 0x15, 0x70, 0x0D, 0x00, 0x00, 0x0F, 0xB7, 0xD6, 0xEC, 0xFF, 0xC3, 0x81, 0xFB,
    0xE8, 0x03, 0x00, 0x00, 0x76, 0x16, 0xB0, 0xFF, 0xEE, 0x4C, 0x8D, 0x44, 0x24, 0x78, 0x33, 0xD2,
    0x33, 0xC9, 0xFF, 0x15, 0x50, 0x0D, 0x00, 0x00, 0x0F, 0xB7, 0xD6, 0xEC, 0xA8, 0x40, 0x75, 0xC9,
    0x8A, 0x45, 0x00, 0x41, 0x0F, 0xB7, 0xD4, 0xEE, 0x41, 0x8D, 0x45, 0x01, 0x8D, 0x56, 0x04, 0xEE,
    0x8D, 0x56, 0x03, 0x41, 0x8A, 0xC6, 0xEE, 0x41, 0x0F, 0xB7, 0xD7, 0xB0, 0x54, 0xEE, 0x0F, 0xB7,
    0xD6, 0xEC, 0x8A, 0xD8, 0x4C, 0x8D, 0x44, 0x24, 0x78, 0x33, 0xD2, 0x33, 0xC9, 0xFF, 0x15, 0x15,
    0x0D, 0x00, 0x00, 0xF6, 0xC3, 0x0F, 0x74, 0xE6, 0x41, 0x0F, 0xB7, 0xD4, 0xEC, 0x0F, 0xB6, 0xC8,
    0x89, 0x4D, 0x00, 0x3B, 0xCF, 0x76, 0x2C, 0x48, 0x8B, 0x9C, 0x24, 0x80, 0x00, 0x00, 0x00, 0x44,
    0x8D, 0x66, 0x07, 0x41, 0x0F, 0xB7, 0xD4, 0xEC, 0x4C, 0x8D, 0x44, 0x24, 0x78, 0x33, 0xD2, 0x33,
    0xC9, 0x88, 0x03, 0xFF, 0x15, 0xDF, 0x0C, 0x00, 0x00, 0xFF, 0xC7, 0x48, 0xFF, 0xC3, 0x3B, 0x7D,
    0x00, 0x72, 0xE0, 0x0F, 0xB7, 0xD6, 0xB0, 0xFF, 0xEE, 0x45, 0x33, 0xC9, 0x48, 0x8D, 0x0D, 0x9D,
    0x1D, 0x00, 0x00, 0x33, 0xD2, 0x45, 0x8D, 0x41, 0x01, 0xFF, 0x15, 0x21, 0x0D, 0x00, 0x00, 0x48,
    0x8B, 0x5C, 0x24, 0x60, 0x48, 0x8B, 0x6C, 0x24, 0x68, 0x48, 0x8B, 0x74, 0x24, 0x70, 0x48, 0x83,
    0xC4, 0x30, 0x41, 0x5F, 0x41, 0x5E, 0x41, 0x5D, 0x41, 0x5C, 0x5F, 0xC3, 0xCC, 0xCC, 0xCC, 0xCC,
    0xCC, 0xCC, 0xCC, 0xCC, 0x48, 0x8B, 0xC4, 0x48, 0x89, 0x58, 0x08, 0x48, 0x89, 0x68, 0x10, 0x48,
    0x89, 0x70, 0x18, 0x57, 0x41, 0x54, 0x41, 0x55, 0x41, 0x56, 0x41, 0x57, 0x48, 0x83, 0xEC, 0x30,
    0x8B, 0xF9, 0x49, 0x8B, 0xE9, 0x45, 0x8B, 0xF0, 0x44, 0x8B, 0xFA, 0x33, 0xDB, 0x48, 0x8D, 0x0D,
    0x3C, 0x1D, 0x00, 0x00, 0x45, 0x33, 0xC9, 0x45, 0x33, 0xC0, 0x33, 0xD2, 0x48, 0x89, 0x58, 0xC8,
    0xFF, 0x15, 0x6A, 0x0C, 0x00, 0x00, 0x8D, 0x77, 0x02, 0x44, 0x8D, 0x6F, 0x07, 0x48, 0xC7, 0x44,
    0x24, 0x78, 0xF6, 0xFF, 0xFF, 0xFF, 0x44, 0x8B, 0xE3, 0x4C, 0x8D, 0x44, 0x24, 0x78, 0x33, 0xD2,
    0x33, 0xC9, 0xFF, 0x15, 0x30, 0x0C, 0x00, 0x00, 0x0F, 0xB7, 0xD7, 0xEC, 0x41, 0xFF, 0xC4, 0x41,
    0x81, 0xFC, 0xE8, 0x03, 0x00, 0x00, 0x76, 0x16, 0xB0, 0xFF, 0xEE, 0x4C, 0x8D, 0x44, 0x24, 0x78,
    0x33, 0xD2, 0x33, 0xC9, 0xFF, 0x15, 0x0E, 0x0C, 0x00, 0x00, 0x0F, 0xB7, 0xD7, 0xEC, 0xA8, 0x40,
    0x75, 0xC7, 0x8A, 0x45, 0x00, 0x8D, 0x57, 0x05, 0xEE, 0x8D, 0x57, 0x04, 0x41, 0x8A, 0xC7, 0xEE,
    0x8D, 0x57, 0x03, 0x41, 0x8A, 0xC6, 0xEE, 0x0F, 0xB7, 0xD6, 0xEC, 0x39, 0x5D, 0x00, 0x76, 0x19,
    0x48, 0x8B, 0x8C, 0x24, 0x80, 0x00, 0x00, 0x00, 0x8A, 0x01, 0x41, 0x0F, 0xB7, 0xD5, 0xEE, 0xFF,
    0xC3, 0x48, 0xFF, 0xC1, 0x3B, 0x5D, 0x00, 0x72, 0xEF, 0x0F, 0xB7, 0xD6, 0xB0, 0x54, 0xEE, 0x0F,
    0xB7, 0xD7, 0xEC, 0x8A, 0xD8, 0x4C, 0x8D, 0x44, 0x24, 0x78, 0x33, 0xD2, 0x33, 0xC9, 0xFF, 0x15,
    0xB4, 0x0B, 0x00, 0x00, 0xF6, 0xC3, 0x0F, 0x74, 0xE6, 0x0F, 0xB7, 0xD7, 0xB0, 0xFF, 0xEE, 0x4C,
    0x8D, 0x44, 0x24, 0x78, 0x33, 0xD2, 0x33, 0xC9, 0xFF, 0x15, 0x9A, 0x0B, 0x00, 0x00, 0x45, 0x33,
    0xC9, 0x48, 0x8D, 0x0D, 0x68, 0x1C, 0x00, 0x00, 0x45, 0x8D, 0x41, 0x01, 0x33, 0xD2, 0xFF, 0x15,
    0xEC, 0x0B, 0x00, 0x00, 0x48, 0x8B, 0x5C, 0x24, 0x60, 0x48, 0x8B, 0x6C, 0x24, 0x68, 0x48, 0x8B,
    0x74, 0x24, 0x70, 0x48, 0x83, 0xC4, 0x30, 0x41, 0x5F, 0x41, 0x5E, 0x41, 0x5D, 0x41, 0x5C, 0x5F,
    0xC3, 0xCC, 0xCC, 0xCC, 0xCC, 0xCC, 0xCC, 0xCC, 0x48, 0x83, 0xEC, 0x28, 0x48, 0x8B, 0x41, 0x40,
    0x33, 0xC9, 0x4C, 0x8B, 0xC2, 0x48, 0x89, 0x48, 0x18, 0x48, 0x89, 0x48, 0x28, 0x88, 0x48, 0x21,
    0x89, 0x4A, 0x30, 0x48, 0x89, 0x4A, 0x38, 0x33, 0xD2, 0x49, 0x8B, 0xC8, 0xFF, 0x15, 0x76, 0x0B,
    0x00, 0x00, 0x33, 0xC0, 0x48, 0x83, 0xC4, 0x28, 0xC3, 0xCC, 0xCC, 0xCC, 0xCC, 0xCC, 0xCC, 0xCC,
    0x48, 0x89, 0x5C, 0x24, 0x08, 0x57, 0x48, 0x83, 0xEC, 0x30, 0x48, 0x8B, 0x79, 0x40, 0x48, 0x8B,
    0xDA, 0x48, 0x8B, 0x4F, 0x28, 0x48, 0x85, 0xC9, 0x74, 0x27, 0x48, 0x83, 0x64, 0x24, 0x20, 0x00,
    0x45, 0x33, 0xC9, 0x45, 0x33, 0xC0, 0x33, 0xD2, 0xC6, 0x47, 0x21, 0x01, 0xFF, 0x15, 0x0E, 0x0B,
    0x00, 0x00, 0x48, 0x8B, 0x4F, 0x28, 0xFF, 0x15, 0x34, 0x0B, 0x00, 0x00, 0x48, 0x83, 0x67, 0x28,
    0x00, 0x48, 0x8B, 0x4F, 0x18, 0x48, 0x85, 0xC9, 0x74, 0x0B, 0xFF, 0x15, 0x20, 0x0B, 0x00, 0x00,
    0x48, 0x83, 0x67, 0x18, 0x00, 0x83, 0x63, 0x30, 0x00, 0x48, 0x83, 0x63, 0x38, 0x00, 0x33, 0xD2,
    0x48, 0x8B, 0xCB, 0xFF, 0x15, 0xFF, 0x0A, 0x00, 0x00, 0x48, 0x8B, 0x5C, 0x24, 0x40, 0x33, 0xC0,
    0x48, 0x83, 0xC4, 0x30, 0x5F, 0xC3, 0xCC, 0xCC, 0xCC, 0xCC, 0xCC, 0xCC, 0x48, 0x83, 0xEC, 0x28,
    0x4C, 0x8B, 0xD2, 0x48, 0x8B, 0x92, 0xB8, 0x00, 0x00, 0x00, 0x41, 0xB8, 0x08, 0x61, 0x22, 0x00,
    0x8B, 0x42, 0x18, 0x41, 0x3B, 0xC0, 0x77, 0x1D, 0x74, 0x64, 0x2D, 0x40, 0x60, 0x22, 0x00, 0x74,
    0x5D, 0x83, 0xE8, 0x04, 0x74, 0x58, 0x83, 0xE8, 0x3C, 0x74, 0x53, 0x83, 0xE8, 0x04, 0x74, 0x4E,
    0x83, 0xE8, 0x3C, 0xEB, 0x19, 0x2D, 0x0C, 0x61, 0x22, 0x00, 0x74, 0x42, 0x83, 0xE8, 0x04, 0x74,
    0x3D, 0x83, 0xE8, 0x04, 0x74, 0x38, 0x83, 0xE8, 0x04, 0x74, 0x33, 0x83, 0xE8, 0x28, 0x74, 0x2E,
    0x83, 0xE8, 0x04, 0x74, 0x29, 0x83, 0xE8, 0x3C, 0x74, 0x24, 0x83, 0xF8, 0x04, 0x74, 0x1F, 0x49,
    0x83, 0x62, 0x38, 0x00, 0x33, 0xD2, 0x49, 0x8B, 0xCA, 0x41, 0xC7, 0x42, 0x30, 0x10, 0x00, 0x00,
    0xC0, 0xFF, 0x15, 0x71, 0x0A, 0x00, 0x00, 0xB8, 0x10, 0x00, 0x00, 0xC0, 0xEB, 0x1C, 0x80, 0x4A,
    0x03, 0x01, 0x4C, 0x8D, 0x0D, 0x1F, 0x00, 0x00, 0x00, 0x45, 0x33, 0xC0, 0x49, 0x8B, 0xD2, 0xFF,
    0x15, 0x4B, 0x0A, 0x00, 0x00, 0xB8, 0x03, 0x01, 0x00, 0x00, 0x48, 0x83, 0xC4, 0x28, 0xC3, 0xCC,
    0xCC, 0xCC, 0xCC, 0xCC, 0xCC, 0xCC, 0xCC, 0xCC, 0x48, 0x89, 0x5C, 0x24, 0x08, 0x48, 0x89, 0x74,
    0x24, 0x10, 0x57, 0x48, 0x83, 0xEC, 0x20, 0x48, 0x8B, 0xFA, 0x48, 0x8B, 0xF1, 0x48, 0x3B, 0x51,
    0x20, 0x75, 0x20, 0x0F, 0xB6, 0x5A, 0x45, 0x8A, 0xCB, 0xFF, 0x15, 0x01, 0x0A, 0x00, 0x00, 0xB2,
    0x01, 0x48, 0x8B, 0xCE, 0xFF, 0x15, 0xD6, 0x09, 0x00, 0x00, 0x4C, 0x8B, 0xDB, 0x45, 0x0F, 0x22,
    0xC3, 0xEB, 0x1A, 0x48, 0x83, 0xC2, 0x78, 0x48, 0x81, 0xC1, 0xA0, 0x00, 0x00, 0x00, 0xFF, 0x15,
    0x04, 0x0A, 0x00, 0x00, 0x8A, 0x4F, 0x45, 0xFF, 0x15, 0xD3, 0x09, 0x00, 0x00, 0x48, 0x83, 0x67,
    0x38, 0x00, 0x33, 0xD2, 0x48, 0x8B, 0xCF, 0xC7, 0x47, 0x30, 0x20, 0x01, 0x00, 0xC0, 0x48, 0x8B,
    0x5C, 0x24, 0x30, 0x48, 0x8B, 0x74, 0x24, 0x38, 0x48, 0x83, 0xC4, 0x20, 0x5F, 0x48, 0xFF, 0x25,
    0xC4, 0x09, 0x00, 0x00, 0xCC, 0xCC, 0xCC, 0xCC, 0xCC, 0xCC, 0xCC, 0xCC, 0xCC, 0xCC, 0xCC, 0xCC,
    0x50, 0x51, 0x52, 0x48, 0x33, 0xC0, 0x48, 0x33, 0xC9, 0x48, 0x33, 0xD2, 0x8B, 0x0D, 0x66, 0x1A,
    0x00, 0x00, 0x0F, 0x32, 0x89, 0x15, 0x56, 0x1A, 0x00, 0x00, 0x89, 0x05, 0x54, 0x1A, 0x00, 0x00,
    0x5A, 0x59, 0x58, 0xC3, 0x50, 0x51, 0x52, 0x48, 0x33, 0xC0, 0x48, 0x33, 0xC9, 0x48, 0x33, 0xD2,
    0x8B, 0x15, 0x3A, 0x1A, 0x00, 0x00, 0x8B, 0x05, 0x38, 0x1A, 0x00, 0x00, 0x8B, 0x0D, 0x36, 0x1A,
    0x00, 0x00, 0x0F, 0x30, 0x5A, 0x59, 0x58, 0xC3, 0xCC, 0xCC, 0xCC, 0xCC, 0xCC, 0xCC, 0xCC, 0xCC,
    0xCC, 0xCC, 0xCC, 0xCC, 0xCC, 0xCC, 0x66, 0x66, 0x0F, 0x1F, 0x84, 0x00, 0x00, 0x00, 0x00, 0x00,
    0x48, 0x3B, 0x0D, 0xD9, 0x19, 0x00, 0x00, 0x75, 0x12, 0x48, 0xC1, 0xC1, 0x10, 0x66, 0xF7, 0xC1,
    0xFF, 0xFF, 0x75, 0x03, 0xC2, 0x00, 0x00, 0x48, 0xC1, 0xC9, 0x10, 0xE9, 0x08, 0x00, 0x00, 0x00,
    0xCC, 0xCC, 0xCC, 0xCC, 0xCC, 0xCC, 0xCC, 0xCC, 0x48, 0x83, 0xEC, 0x38, 0x4C, 0x8B, 0x0D, 0xB5,
    0x19, 0x00, 0x00, 0x4C, 0x8B, 0x05, 0xA6, 0x19, 0x00, 0x00, 0x48, 0x83, 0x64, 0x24, 0x20, 0x00,
    0x48, 0x8B, 0xD1, 0xB9, 0xF7, 0x00, 0x00, 0x00, 0xFF, 0x15, 0x22, 0x09, 0x00, 0x00, 0xCC, 0xCC,
    0xCC, 0xCC, 0xCC, 0xCC, 0xCC, 0xCC, 0x66, 0x66, 0x66, 0x90, 0x66, 0x66, 0x66, 0x90, 0x66, 0x90,
    0x4C, 0x8B, 0xD9, 0x48, 0x2B, 0xD1, 0x0F, 0x86, 0x9C, 0x01, 0x00, 0x00, 0x49, 0x83, 0xF8, 0x08,
    0x72, 0x62, 0xF6, 0xC1, 0x07, 0x74, 0x37, 0xF6, 0xC1, 0x01, 0x74, 0x0C, 0x8A, 0x04, 0x0A, 0x49,
    0xFF, 0xC8, 0x88, 0x01, 0x48, 0x83, 0xC1, 0x01, 0xF6, 0xC1, 0x02, 0x74, 0x0F, 0x66, 0x8B, 0x04,
    0x0A, 0x49, 0x83, 0xE8, 0x02, 0x66, 0x89, 0x01, 0x48, 0x83, 0xC1, 0x02, 0xF6, 0xC1, 0x04, 0x74,
    0x0D, 0x8B, 0x04, 0x0A, 0x49, 0x83, 0xE8, 0x04, 0x89, 0x01, 0x48, 0x83, 0xC1, 0x04, 0x4D, 0x8B,
    0xC8, 0x49, 0xC1, 0xE9, 0x05, 0x75, 0x50, 0x4D, 0x8B, 0xC8, 0x49, 0xC1, 0xE9, 0x03, 0x74, 0x14,
    0x48, 0x8B, 0x04, 0x0A, 0x48, 0x89, 0x01, 0x48, 0x83, 0xC1, 0x08, 0x49, 0xFF, 0xC9, 0x75, 0xF0,
    0x49, 0x83, 0xE0, 0x07, 0x4D, 0x85, 0xC0, 0x75, 0x07, 0x49, 0x8B, 0xC3, 0xC3, 0x66, 0x66, 0x90,
    0x8A, 0x04, 0x0A, 0x88, 0x01, 0x48, 0xFF, 0xC1, 0x49, 0xFF, 0xC8, 0x75, 0xF3, 0x49, 0x8B, 0xC3,
    0xC3, 0x66, 0x66, 0x66, 0x90, 0x66, 0x66, 0x66, 0x90, 0x66, 0x66, 0x66, 0x90, 0x66, 0x66, 0x90,
    0x66, 0x66, 0x66, 0x90, 0x66, 0x66, 0x90, 0x49, 0x81, 0xF9, 0x00, 0x08, 0x00, 0x00, 0x73, 0x42,
    0x48, 0x8B, 0x04, 0x0A, 0x4C, 0x8B, 0x54, 0x0A, 0x08, 0x48, 0x83, 0xC1, 0x20, 0x48, 0x89, 0x41,
    0xE0, 0x4C, 0x89, 0x51, 0xE8, 0x48, 0x8B, 0x44, 0x0A, 0xF0, 0x4C, 0x8B, 0x54, 0x0A, 0xF8, 0x49,
    0xFF, 0xC9, 0x48, 0x89, 0x41, 0xF0, 0x4C, 0x89, 0x51, 0xF8, 0x75, 0xD4, 0x49, 0x83, 0xE0, 0x1F,
    0xE9, 0x72, 0xFF, 0xFF, 0xFF, 0x66, 0x66, 0x66, 0x90, 0x66, 0x66, 0x66, 0x90, 0x66, 0x66, 0x90,
    0x66, 0x90, 0x48, 0x81, 0xFA, 0x00, 0x10, 0x00, 0x00, 0x72, 0xB5, 0xB8, 0x20, 0x00, 0x00, 0x00,
    0x0F, 0x18, 0x04, 0x0A, 0x0F, 0x18, 0x44, 0x0A, 0x40, 0x48, 0x81, 0xC1, 0x80, 0x00, 0x00, 0x00,
    0xFF, 0xC8, 0x75, 0xEC, 0x48, 0x81, 0xE9, 0x00, 0x10, 0x00, 0x00, 0xB8, 0x40, 0x00, 0x00, 0x00,
    0x4C, 0x8B, 0x0C, 0x0A, 0x4C, 0x8B, 0x54, 0x0A, 0x08, 0x4C, 0x0F, 0xC3, 0x09, 0x4C, 0x0F, 0xC3,
    0x51, 0x08, 0x4C, 0x8B, 0x4C, 0x0A, 0x10, 0x4C, 0x8B, 0x54, 0x0A, 0x18, 0x4C, 0x0F, 0xC3, 0x49,
    0x10, 0x4C, 0x0F, 0xC3, 0x51, 0x18, 0x4C, 0x8B, 0x4C, 0x0A, 0x20, 0x4C, 0x8B, 0x54, 0x0A, 0x28,
    0x48, 0x83, 0xC1, 0x40, 0x4C, 0x0F, 0xC3, 0x49, 0xE0, 0x4C, 0x0F, 0xC3, 0x51, 0xE8, 0x4C, 0x8B,
    0x4C, 0x0A, 0xF0, 0x4C, 0x8B, 0x54, 0x0A, 0xF8, 0xFF, 0xC8, 0x4C, 0x0F, 0xC3, 0x49, 0xF0, 0x4C,
    0x0F, 0xC3, 0x51, 0xF8, 0x75, 0xAA, 0x49, 0x81, 0xE8, 0x00, 0x10, 0x00, 0x00, 0x49, 0x81, 0xF8,
    0x00, 0x10, 0x00, 0x00, 0x0F, 0x83, 0x71, 0xFF, 0xFF, 0xFF, 0xF0, 0x80, 0x0C, 0x24, 0x00, 0xE9,
    0xBA, 0xFE, 0xFF, 0xFF, 0x66, 0x66, 0x66, 0x90, 0x66, 0x66, 0x66, 0x90, 0x66, 0x66, 0x66, 0x90,
    0x66, 0x66, 0x66, 0x90, 0x66, 0x66, 0x66, 0x90, 0x74, 0x6F, 0x49, 0x03, 0xC8, 0x49, 0x83, 0xF8,
    0x08, 0x72, 0x61, 0xF6, 0xC1, 0x07, 0x74, 0x36, 0xF6, 0xC1, 0x01, 0x74, 0x0B, 0x48, 0xFF, 0xC9,
    0x8A, 0x04, 0x0A, 0x49, 0xFF, 0xC8, 0x88, 0x01, 0xF6, 0xC1, 0x02, 0x74, 0x0F, 0x48, 0x83, 0xE9,
    0x02, 0x66, 0x8B, 0x04, 0x0A, 0x49, 0x83, 0xE8, 0x02, 0x66, 0x89, 0x01, 0xF6, 0xC1, 0x04, 0x74,
    0x0D, 0x48, 0x83, 0xE9, 0x04, 0x8B, 0x04, 0x0A, 0x49, 0x83, 0xE8, 0x04, 0x89, 0x01, 0x4D, 0x8B,
    0xC8, 0x49, 0xC1, 0xE9, 0x05, 0x75, 0x50, 0x4D, 0x8B, 0xC8, 0x49, 0xC1, 0xE9, 0x03, 0x74, 0x14,
    0x48, 0x83, 0xE9, 0x08, 0x48, 0x8B, 0x04, 0x0A, 0x49, 0xFF, 0xC9, 0x48, 0x89, 0x01, 0x75, 0xF0,
    0x49, 0x83, 0xE0, 0x07, 0x4D, 0x85, 0xC0, 0x75, 0x07, 0x49, 0x8B, 0xC3, 0xC3, 0x66, 0x66, 0x90,
    0x48, 0xFF, 0xC9, 0x8A, 0x04, 0x0A, 0x49, 0xFF, 0xC8, 0x88, 0x01, 0x75, 0xF3, 0x49, 0x8B, 0xC3,
    0xC3, 0x66, 0x66, 0x66, 0x90, 0x66, 0x66, 0x66, 0x90, 0x66, 0x66, 0x66, 0x90, 0x66, 0x66, 0x90,
    0x66, 0x66, 0x66, 0x90, 0x66, 0x66, 0x90, 0x49, 0x81, 0xF9, 0x00, 0x08, 0x00, 0x00, 0x73, 0x42,
    0x48, 0x8B, 0x44, 0x0A, 0xF8, 0x4C, 0x8B, 0x54, 0x0A, 0xF0, 0x48, 0x83, 0xE9, 0x20, 0x48, 0x89,
    0x41, 0x18, 0x4C, 0x89, 0x51, 0x10, 0x48, 0x8B, 0x44, 0x0A, 0x08, 0x4C, 0x8B, 0x14, 0x0A, 0x49,
    0xFF, 0xC9, 0x48, 0x89, 0x41, 0x08, 0x4C, 0x89, 0x11, 0x75, 0xD5, 0x49, 0x83, 0xE0, 0x1F, 0xE9,
    0x73, 0xFF, 0xFF, 0xFF, 0x66, 0x66, 0x66, 0x90, 0x66, 0x66, 0x66, 0x90, 0x66, 0x66, 0x66, 0x90,
    0x66, 0x90, 0x48, 0x81, 0xFA, 0x00, 0xF0, 0xFF, 0xFF, 0x77, 0xB5, 0xB8, 0x20, 0x00, 0x00, 0x00,
    0x48, 0x81, 0xE9, 0x80, 0x00, 0x00, 0x00, 0x0F, 0x18, 0x04, 0x0A, 0x0F, 0x18, 0x44, 0x0A, 0x40,
    0xFF, 0xC8, 0x75, 0xEC, 0x48, 0x81, 0xC1, 0x00, 0x10, 0x00, 0x00, 0xB8, 0x40, 0x00, 0x00, 0x00,
    0x4C, 0x8B, 0x4C, 0x0A, 0xF8, 0x4C, 0x8B, 0x54, 0x0A, 0xF0, 0x4C, 0x0F, 0xC3, 0x49, 0xF8, 0x4C,
    0x0F, 0xC3, 0x51, 0xF0, 0x4C, 0x8B, 0x4C, 0x0A, 0xE8, 0x4C, 0x8B, 0x54, 0x0A, 0xE0, 0x4C, 0x0F,
    0xC3, 0x49, 0xE8, 0x4C, 0x0F, 0xC3, 0x51, 0xE0, 0x4C, 0x8B, 0x4C, 0x0A, 0xD8, 0x4C, 0x8B, 0x54,
    0x0A, 0xD0, 0x48, 0x83, 0xE9, 0x40, 0x4C, 0x0F, 0xC3, 0x49, 0x18, 0x4C, 0x0F, 0xC3, 0x51, 0x10,
    0x4C, 0x8B, 0x4C, 0x0A, 0x08, 0x4C, 0x8B, 0x14, 0x0A, 0xFF, 0xC8, 0x4C, 0x0F, 0xC3, 0x49, 0x08,
    0x4C, 0x0F, 0xC3, 0x11, 0x75, 0xAA, 0x49, 0x81, 0xE8, 0x00, 0x10, 0x00, 0x00, 0x49, 0x81, 0xF8,
    0x00, 0x10, 0x00, 0x00, 0x0F, 0x83, 0x71, 0xFF, 0xFF, 0xFF, 0xF0, 0x80, 0x0C, 0x24, 0x00, 0xE9,
    0xBA, 0xFE, 0xFF, 0xFF, 0xCC, 0xCC, 0xCC, 0xCC, 0xCC, 0xCC, 0xCC, 0xCC, 0xCC, 0xCC, 0xCC, 0xCC,
    0x5C, 0x00, 0x44, 0x00, 0x6F, 0x00, 0x73, 0x00, 0x44, 0x00, 0x65, 0x00, 0x76, 0x00, 0x69, 0x00,
    0x63, 0x00, 0x65, 0x00, 0x73, 0x00, 0x5C, 0x00, 0x42, 0x00, 0x53, 0x00, 0x5F, 0x00, 0x4C, 0x00,
    0x45, 0x00, 0x44, 0x00, 0x00, 0x00, 0x00, 0x00, 0x00, 0x00, 0x00, 0x00, 0x00, 0x00, 0x00, 0x00,
    0x00, 0x00, 0x00, 0x00, 0x00, 0x00, 0x00, 0x00, 0x00, 0x00, 0x00, 0x00, 0x00, 0x00, 0x00, 0x00,
    0x00, 0x00, 0x00, 0x00, 0x00, 0x00, 0x00, 0x00, 0x00, 0x00, 0x00, 0x00, 0x00, 0x00, 0x00, 0x00,
    0x00, 0x00, 0x00, 0x00, 0x00, 0x00, 0x00, 0x00, 0x00, 0x00, 0x00, 0x00, 0x00, 0x00, 0x00, 0x00,
    0x00, 0x00, 0x00, 0x00, 0x00, 0x00, 0x00, 0x00, 0x00, 0x00, 0x00, 0x00, 0x00, 0x00, 0x00, 0x00,
    0x00, 0x00, 0x00, 0x00, 0x00, 0x00, 0x00, 0x00, 0x00, 0x00, 0x00, 0x00, 0x00, 0x00, 0x00, 0x00,
    0x00, 0x00, 0x00, 0x00, 0x00, 0x00, 0x00, 0x00, 0x00, 0x00, 0x00, 0x00, 0x00, 0x00, 0x00, 0x00,
    0x00, 0x00, 0x00, 0x00, 0x00, 0x00, 0x00, 0x00, 0x00, 0x00, 0x00, 0x00, 0x00, 0x00, 0x00, 0x00,
    0x00, 0x00, 0x00, 0x00, 0x00, 0x00, 0x00, 0x00, 0x00, 0x00, 0x00, 0x00, 0x00, 0x00, 0x00, 0x00,
    0x00, 0x00, 0x00, 0x00, 0x00, 0x00, 0x00, 0x00, 0x00, 0x00, 0x00, 0x00, 0x00, 0x00, 0x00, 0x00,
    0x00, 0x00, 0x00, 0x00, 0x00, 0x00, 0x00, 0x00, 0x00, 0x00, 0x00, 0x00, 0x00, 0x00, 0x00, 0x00,
    0x00, 0x00, 0x00, 0x00, 0x00, 0x00, 0x00, 0x00, 0x00, 0x00, 0x00, 0x00, 0x00, 0x00, 0x00, 0x00,
    0x00, 0x00, 0x00, 0x00, 0x00, 0x00, 0x00, 0x00, 0x00, 0x00, 0x00, 0x00, 0x00, 0x00, 0x00, 0x00,
    0x00, 0x00, 0x00, 0x00, 0x00, 0x00, 0x00, 0x00, 0x00, 0x00, 0x00, 0x00, 0x00, 0x00, 0x00, 0x00,
    0x00, 0x00, 0x00, 0x00, 0x00, 0x00, 0x00, 0x00, 0x00, 0x00, 0x00, 0x00, 0x00, 0x00, 0x00, 0x00,
    0x00, 0x00, 0x00, 0x00, 0x00, 0x00, 0x00, 0x00, 0x00, 0x00, 0x00, 0x00, 0x00, 0x00, 0x00, 0x00,
    0x00, 0x00, 0x00, 0x00, 0x00, 0x00, 0x00, 0x00, 0x00, 0x00, 0x00, 0x00, 0x00, 0x00, 0x00, 0x00,
    0x00, 0x00, 0x00, 0x00, 0x00, 0x00, 0x00, 0x00, 0x00, 0x00, 0x00, 0x00, 0x00, 0x00, 0x00, 0x00,
    0x6E, 0x64, 0x00, 0x00, 0x00, 0x00, 0x00, 0x00, 0x86, 0x64, 0x00, 0x00, 0x00, 0x00, 0x00, 0x00,
    0x00, 0x00, 0x00, 0x00, 0x00, 0x00, 0x00, 0x00, 0x02, 0x63, 0x00, 0x00, 0x00, 0x00, 0x00, 0x00,
    0x1A, 0x63, 0x00, 0x00, 0x00, 0x00, 0x00, 0x00, 0x32, 0x63, 0x00, 0x00, 0x00, 0x00, 0x00, 0x00,
    0x44, 0x63, 0x00, 0x00, 0x00, 0x00, 0x00, 0x00, 0x56, 0x63, 0x00, 0x00, 0x00, 0x00, 0x00, 0x00,
    0x70, 0x63, 0x00, 0x00, 0x00, 0x00, 0x00, 0x00, 0x84, 0x63, 0x00, 0x00, 0x00, 0x00, 0x00, 0x00,
    0x94, 0x63, 0x00, 0x00, 0x00, 0x00, 0x00, 0x00, 0xF0, 0x62, 0x00, 0x00, 0x00, 0x00, 0x00, 0x00,
    0xC2, 0x63, 0x00, 0x00, 0x00, 0x00, 0x00, 0x00, 0xDC, 0x63, 0x00, 0x00, 0x00, 0x00, 0x00, 0x00,
    0xF6, 0x63, 0x00, 0x00, 0x00, 0x00, 0x00, 0x00, 0x06, 0x64, 0x00, 0x00, 0x00, 0x00, 0x00, 0x00,
    0x1C, 0x64, 0x00, 0x00, 0x00, 0x00, 0x00, 0x00, 0x34, 0x64, 0x00, 0x00, 0x00, 0x00, 0x00, 0x00,
    0x50, 0x64, 0x00, 0x00, 0x00, 0x00, 0x00, 0x00, 0xD8, 0x62, 0x00, 0x00, 0x00, 0x00, 0x00, 0x00,
    0xAC, 0x63, 0x00, 0x00, 0x00, 0x00, 0x00, 0x00, 0xC0, 0x62, 0x00, 0x00, 0x00, 0x00, 0x00, 0x00,
    0x00, 0x00, 0x00, 0x00, 0x00, 0x00, 0x00, 0x00, 0x00, 0x00, 0x00, 0x00, 0x00, 0x00, 0x00, 0x00,
    0x00, 0x00, 0x00, 0x00, 0x69, 0x37, 0x07, 0x67, 0x00, 0x00, 0x00, 0x00, 0x02, 0x00, 0x00, 0x00,
    0x83, 0x00, 0x00, 0x00, 0xDC, 0x30, 0x00, 0x00, 0xDC, 0x20, 0x00, 0x00, 0x52, 0x53, 0x44, 0x53,
    0x2C, 0xD1, 0xD0, 0xD3, 0x7C, 0xDB, 0xFC, 0x4E, 0xAB, 0x73, 0x7B, 0x6E, 0x70, 0xA2, 0xA2, 0x50,
    0x01, 0x00, 0x00, 0x00, 0x65, 0x3A, 0x5C, 0x63, 0x6F, 0x64, 0x65, 0x5C, 0x64, 0x72, 0x69, 0x76,
    0x65, 0x72, 0x5F, 0x77, 0x6F, 0x72, 0x6B, 0x73, 0x70, 0x61, 0x63, 0x65, 0x5C, 0x76, 0x69, 0x76,
    0x69, 0x64, 0x6C, 0x65, 0x64, 0x5C, 0x32, 0x30, 0x32, 0x34, 0x5F, 0x31, 0x30, 0x5F, 0x31, 0x30,
    0x5F, 0x66, 0x6F, 0x72, 0x5F, 0x69, 0x32, 0x63, 0x5F, 0x69, 0x73, 0x75, 0x73, 0x65, 0x5F, 0x62,
    0x69, 0x74, 0x5C, 0x64, 0x72, 0x69, 0x76, 0x65, 0x72, 0x5C, 0x6F, 0x62, 0x6A, 0x66, 0x72, 0x65,
    0x5F, 0x77, 0x6E, 0x65, 0x74, 0x5F, 0x61, 0x6D, 0x64, 0x36, 0x34, 0x5C, 0x61, 0x6D, 0x64, 0x36,
    0x34, 0x5C, 0x42, 0x53, 0x5F, 0x4C, 0x45, 0x44, 0x36, 0x34, 0x2E, 0x70, 0x64, 0x62, 0x00, 0x00,
    0x01, 0x04, 0x01, 0x00, 0x04, 0x62, 0x00, 0x00, 0x01, 0x0A, 0x04, 0x00, 0x0A, 0x34, 0x08, 0x00,
    0x0A, 0x52, 0x06, 0x70, 0x01, 0x0F, 0x06, 0x00, 0x0F, 0x64, 0x07, 0x00, 0x0F, 0x34, 0x06, 0x00,
    0x0F, 0x32, 0x0B, 0x70, 0x01, 0x1C, 0x0C, 0x00, 0x1C, 0x64, 0x0E, 0x00, 0x1C, 0x54, 0x0D, 0x00,
    0x1C, 0x34, 0x0C, 0x00, 0x1C, 0x52, 0x18, 0xF0, 0x16, 0xE0, 0x14, 0xD0, 0x12, 0xC0, 0x10, 0x70,
    0x01, 0x1C, 0x0C, 0x00, 0x1C, 0x64, 0x10, 0x00, 0x1C, 0x54, 0x0F, 0x00, 0x1C, 0x34, 0x0E, 0x00,
    0x1C, 0x72, 0x18, 0xF0, 0x16, 0xE0, 0x14, 0xD0, 0x12, 0xC0, 0x10, 0x70, 0x01, 0x20, 0x0C, 0x00,
    0x20, 0x64, 0x10, 0x00, 0x20, 0x54, 0x0F, 0x00, 0x20, 0x34, 0x0E, 0x00, 0x20, 0x72, 0x1C, 0xF0,
    0x1A, 0xE0, 0x18, 0xD0, 0x16, 0xC0, 0x14, 0x70, 0x01, 0x1C, 0x0C, 0x00, 0x1C, 0x64, 0x0F, 0x00,
    0x1C, 0x54, 0x0D, 0x00, 0x1C, 0x34, 0x0C, 0x00, 0x1C, 0x52, 0x18, 0xF0, 0x16, 0xE0, 0x14, 0xD0,
    0x12, 0xC0, 0x10, 0x70, 0x01, 0x19, 0x0A, 0x00, 0x19, 0x74, 0x0B, 0x00, 0x19, 0x64, 0x0A, 0x00,
    0x19, 0x54, 0x09, 0x00, 0x19, 0x34, 0x08, 0x00, 0x19, 0x52, 0x15, 0xC0, 0x01, 0x14, 0x08, 0x00,
    0x14, 0x64, 0x0A, 0x00, 0x14, 0x54, 0x09, 0x00, 0x14, 0x34, 0x08, 0x00, 0x14, 0x52, 0x10, 0x70,
    0x01, 0x04, 0x01, 0x00, 0x04, 0x42, 0x00, 0x00, 0x01, 0x1A, 0x09, 0x00, 0x1A, 0x82, 0x16, 0xF0,
    0x14, 0xE0, 0x12, 0xD0, 0x10, 0xC0, 0x0E, 0x70, 0x0D, 0x60, 0x0C, 0x50, 0x0B, 0x30, 0x00, 0x00,
    0x01, 0x06, 0x02, 0x00, 0x06, 0xB2, 0x02, 0x30, 0x00, 0x00, 0x00, 0x00, 0x00, 0x00, 0x00, 0x00,
    0x00, 0x00, 0x00, 0x00, 0x00, 0x00, 0x00, 0x00, 0x00, 0x00, 0x00, 0x00, 0x00, 0x00, 0x00, 0x00,
    0x00, 0x00, 0x00, 0x00, 0x00, 0x00, 0x00, 0x00, 0x00, 0x00, 0x00, 0x00, 0x00, 0x00, 0x00, 0x00,
    0x00, 0x00, 0x00, 0x00, 0x00, 0x00, 0x00, 0x00, 0x00, 0x00, 0x00, 0x00, 0x00, 0x00, 0x00, 0x00,
    0x00, 0x00, 0x00, 0x00, 0x00, 0x00, 0x00, 0x00, 0x00, 0x00, 0x00, 0x00, 0x00, 0x00, 0x00, 0x00,
    0x00, 0x00, 0x00, 0x00, 0x00, 0x00, 0x00, 0x00, 0x00, 0x00, 0x00, 0x00, 0x00, 0x00, 0x00, 0x00,
    0x00, 0x00, 0x00, 0x00, 0x00, 0x00, 0x00, 0x00, 0x00, 0x00, 0x00, 0x00, 0x00, 0x00, 0x00, 0x00,
    0x00, 0x00, 0x00, 0x00, 0x00, 0x00, 0x00, 0x00, 0x00, 0x00, 0x00, 0x00, 0x00, 0x00, 0x00, 0x00,
    0x00, 0x00, 0x00, 0x00, 0x00, 0x00, 0x00, 0x00, 0x00, 0x00, 0x00, 0x00, 0x00, 0x00, 0x00, 0x00,
    0x00, 0x00, 0x00, 0x00, 0x00, 0x00, 0x00, 0x00, 0x00, 0x00, 0x00, 0x00, 0x00, 0x00, 0x00, 0x00,
    0x00, 0x00, 0x00, 0x00, 0x00, 0x00, 0x00, 0x00, 0x00, 0x00, 0x00, 0x00, 0x00, 0x00, 0x00, 0x00,
    0x00, 0x00, 0x00, 0x00, 0x00, 0x00, 0x00, 0x00, 0x00, 0x00, 0x00, 0x00, 0x00, 0x00, 0x00, 0x00,
    0x00, 0x00, 0x00, 0x00, 0x00, 0x00, 0x00, 0x00, 0x00, 0x00, 0x00, 0x00, 0x00, 0x00, 0x00, 0x00,
    0x00, 0x00, 0x00, 0x00, 0x00, 0x00, 0x00, 0x00, 0x00, 0x00, 0x00, 0x00, 0x00, 0x00, 0x00, 0x00,
    0x00, 0x00, 0x00, 0x00, 0x00, 0x00, 0x00, 0x00, 0x00, 0x00, 0x00, 0x00, 0x00, 0x00, 0x00, 0x00,
    0x00, 0x00, 0x00, 0x00, 0x00, 0x00, 0x00, 0x00, 0x00, 0x00, 0x00, 0x00, 0x00, 0x00, 0x00, 0x00,
    0x00, 0x00, 0x00, 0x00, 0x00, 0x00, 0x00, 0x00, 0x00, 0x00, 0x00, 0x00, 0x00, 0x00, 0x00, 0x00,
    0x00, 0x00, 0x00, 0x00, 0x00, 0x00, 0x00, 0x00, 0x00, 0x00, 0x00, 0x00, 0x00, 0x00, 0x00, 0x00,
    0x00, 0x00, 0x00, 0x00, 0x00, 0x00, 0x00, 0x00, 0x00, 0x00, 0x00, 0x00, 0x00, 0x00, 0x00, 0x00,
    0x00, 0x00, 0x00, 0x00, 0x00, 0x00, 0x00, 0x00, 0x00, 0x00, 0x00, 0x00, 0x00, 0x00, 0x00, 0x00,
    0x00, 0x00, 0x00, 0x00, 0x00, 0x00, 0x00, 0x00, 0x00, 0x00, 0x00, 0x00, 0x00, 0x00, 0x00, 0x00,
    0x00, 0x00, 0x00, 0x00, 0x00, 0x00, 0x00, 0x00, 0x00, 0x00, 0x00, 0x00, 0x00, 0x00, 0x00, 0x00,
    0x00, 0x00, 0x00, 0x00, 0x00, 0x00, 0x00, 0x00, 0x00, 0x00, 0x00, 0x00, 0x00, 0x00, 0x00, 0x00,
    0x00, 0x00, 0x00, 0x00, 0x00, 0x00, 0x00, 0x00, 0x00, 0x00, 0x00, 0x00, 0x00, 0x00, 0x00, 0x00,
    0x00, 0x00, 0x00, 0x00, 0x00, 0x00, 0x00, 0x00, 0x00, 0x00, 0x00, 0x00, 0x00, 0x00, 0x00, 0x00,
    0x00, 0x00, 0x00, 0x00, 0x00, 0x00, 0x00, 0x00, 0x00, 0x00, 0x00, 0x00, 0x00, 0x00, 0x00, 0x00,
    0x00, 0x00, 0x00, 0x00, 0x00, 0x00, 0x00, 0x00, 0x00, 0x00, 0x00, 0x00, 0x00, 0x00, 0x00, 0x00,
    0x00, 0x00, 0x00, 0x00, 0x00, 0x00, 0x00, 0x00, 0x00, 0x00, 0x00, 0x00, 0x00, 0x00, 0x00, 0x00,
    0x00, 0x00, 0x00, 0x00, 0x00, 0x01, 0x00, 0x00, 0x00, 0x00, 0x00, 0x00, 0x00, 0x00, 0x00, 0x00,
    0x00, 0x00, 0x00, 0x00, 0x00, 0x00, 0x00, 0x00, 0x00, 0x00, 0x00, 0x00, 0x00, 0x00, 0x00, 0x00,
    0x00, 0x00, 0x00, 0x00, 0x00, 0x00, 0x00, 0x00, 0x00, 0x00, 0x00, 0x00, 0x00, 0x00, 0x00, 0x00,
    0x00, 0x00, 0x00, 0x00, 0x00, 0x00, 0x00, 0x00, 0x00, 0x00, 0x00, 0x00, 0x00, 0x00, 0x00, 0x00,
    0x00, 0x00, 0x00, 0x00, 0x00, 0x00, 0x00, 0x00, 0x00, 0x00, 0x00, 0x00, 0x00, 0x00, 0x00, 0x00,
    0x00, 0x00, 0x00, 0x00, 0x00, 0x00, 0x00, 0x00, 0x00, 0x00, 0x00, 0x00, 0x00, 0x00, 0x00, 0x00,
    0x00, 0x00, 0x00, 0x00, 0x00, 0x00, 0x00, 0x00, 0x00, 0x00, 0x00, 0x00, 0x00, 0x00, 0x00, 0x00,
    0x00, 0x00, 0x00, 0x00, 0x00, 0x00, 0x00, 0x00, 0x00, 0x00, 0x00, 0x00, 0x00, 0x00, 0x00, 0x00,
    0x00, 0x00, 0x00, 0x00, 0x00, 0x00, 0x00, 0x00, 0x00, 0x00, 0x00, 0x00, 0x00, 0x00, 0x00, 0x00,
    0x00, 0x00, 0x00, 0x00, 0x00, 0x00, 0x00, 0x00, 0x00, 0x00, 0x00, 0x00, 0x00, 0x00, 0x00, 0x00,
    0x00, 0x00, 0x00, 0x00, 0x00, 0x00, 0x00, 0x00, 0x00, 0x00, 0x00, 0x00, 0x00, 0x00, 0x00, 0x00,
    0x00, 0x00, 0x00, 0x00, 0x00, 0x00, 0x00, 0x00, 0x00, 0x00, 0x00, 0x00, 0x00, 0x00, 0x00, 0x00,
    0x00, 0x00, 0x00, 0x00, 0x00, 0x00, 0x00, 0x00, 0x00, 0x00, 0x00, 0x00, 0x00, 0x00, 0x00, 0x00,
    0x00, 0x00, 0x00, 0x00, 0x00, 0x00, 0x00, 0x00, 0x00, 0x00, 0x00, 0x00, 0x00, 0x00, 0x00, 0x00,
    0x00, 0x00, 0x00, 0x00, 0x00, 0x00, 0x00, 0x00, 0x00, 0x00, 0x00, 0x00, 0x00, 0x00, 0x00, 0x00,
    0x00, 0x00, 0x00, 0x00, 0x00, 0x00, 0x00, 0x00, 0x00, 0x00, 0x00, 0x00, 0x00, 0x00, 0x00, 0x00,
    0x32, 0xA2, 0xDF, 0x2D, 0x99, 0x2B, 0x00, 0x00, 0xCD, 0x5D, 0x20, 0xD2, 0x66, 0xD4, 0xFF, 0xFF,
    0x00, 0x00, 0x00, 0x00, 0x00, 0x00, 0x00, 0x00, 0x00, 0x00, 0x00, 0x00, 0x00, 0x00, 0x00, 0x00,
    0x00, 0x00, 0x00, 0x00, 0x00, 0x00, 0x00, 0x00, 0x00, 0x00, 0x00, 0x00, 0x00, 0x00, 0x00, 0x00,
    0x00, 0x00, 0x00, 0x00, 0x00, 0x00, 0x00, 0x00, 0x00, 0x00, 0x00, 0x00, 0x00, 0x00, 0x00, 0x00,
    0x00, 0x00, 0x00, 0x00, 0x00, 0x00, 0x00, 0x00, 0x00, 0x00, 0x00, 0x00, 0x00, 0x00, 0x00, 0x00,
    0x00, 0x00, 0x00, 0x00, 0x00, 0x00, 0x00, 0x00, 0x00, 0x00, 0x00, 0x00, 0x00, 0x00, 0x00, 0x00,
    0x00, 0x00, 0x00, 0x00, 0x00, 0x00, 0x00, 0x00, 0x00, 0x00, 0x00, 0x00, 0x00, 0x00, 0x00, 0x00,
    0x00, 0x00, 0x00, 0x00, 0x00, 0x00, 0x00, 0x00, 0x00, 0x00, 0x00, 0x00, 0x00, 0x00, 0x00, 0x00,
    0x00, 0x00, 0x00, 0x00, 0x00, 0x00, 0x00, 0x00, 0x00, 0x00, 0x00, 0x00, 0x00, 0x00, 0x00, 0x00,
    0x00, 0x00, 0x00, 0x00, 0x00, 0x00, 0x00, 0x00, 0x00, 0x00, 0x00, 0x00, 0x00, 0x00, 0x00, 0x00,
    0x00, 0x00, 0x00, 0x00, 0x00, 0x00, 0x00, 0x00, 0x00, 0x00, 0x00, 0x00, 0x00, 0x00, 0x00, 0x00,
    0x00, 0x00, 0x00, 0x00, 0x00, 0x00, 0x00, 0x00, 0x00, 0x00, 0x00, 0x00, 0x00, 0x00, 0x00, 0x00,
    0x00, 0x00, 0x00, 0x00, 0x00, 0x00, 0x00, 0x00, 0x00, 0x00, 0x00, 0x00, 0x00, 0x00, 0x00, 0x00,
    0x00, 0x00, 0x00, 0x00, 0x00, 0x00, 0x00, 0x00, 0x00, 0x00, 0x00, 0x00, 0x00, 0x00, 0x00, 0x00,
    0x00, 0x00, 0x00, 0x00, 0x00, 0x00, 0x00, 0x00, 0x00, 0x00, 0x00, 0x00, 0x00, 0x00, 0x00, 0x00,
    0x00, 0x00, 0x00, 0x00, 0x00, 0x00, 0x00, 0x00, 0x00, 0x00, 0x00, 0x00, 0x00, 0x00, 0x00, 0x00,
    0x08, 0x10, 0x00, 0x00, 0x56, 0x10, 0x00, 0x00, 0x68, 0x31, 0x00, 0x00, 0x5C, 0x10, 0x00, 0x00,
    0x97, 0x17, 0x00, 0x00, 0x28, 0x32, 0x00, 0x00, 0xA0, 0x17, 0x00, 0x00, 0x50, 0x18, 0x00, 0x00,
    0x0C, 0x32, 0x00, 0x00, 0x58, 0x18, 0x00, 0x00, 0x13, 0x19, 0x00, 0x00, 0x0C, 0x32, 0x00, 0x00,
    0x1C, 0x19, 0x00, 0x00, 0xCE, 0x19, 0x00, 0x00, 0xF4, 0x31, 0x00, 0x00, 0xD4, 0x19, 0x00, 0x00,
    0xF0, 0x1A, 0x00, 0x00, 0xD8, 0x31, 0x00, 0x00, 0xF8, 0x1A, 0x00, 0x00, 0x1E, 0x1C, 0x00, 0x00,
    0xBC, 0x31, 0x00, 0x00, 0x24, 0x1C, 0x00, 0x00, 0x33, 0x1D, 0x00, 0x00, 0xA0, 0x31, 0x00, 0x00,
    0x3C, 0x1D, 0x00, 0x00, 0x78, 0x1E, 0x00, 0x00, 0xBC, 0x31, 0x00, 0x00, 0x80, 0x1E, 0x00, 0x00,
    0x9A, 0x1F, 0x00, 0x00, 0xA0, 0x31, 0x00, 0x00, 0xA0, 0x1F, 0x00, 0x00, 0xF0, 0x20, 0x00, 0x00,
    0x84, 0x31, 0x00, 0x00, 0xF8, 0x20, 0x00, 0x00, 0x5B, 0x22, 0x00, 0x00, 0x84, 0x31, 0x00, 0x00,
    0x64, 0x22, 0x00, 0x00, 0x9C, 0x23, 0x00, 0x00, 0x84, 0x31, 0x00, 0x00, 0xA4, 0x23, 0x00, 0x00,
    0xD1, 0x24, 0x00, 0x00, 0x84, 0x31, 0x00, 0x00, 0xD8, 0x24, 0x00, 0x00, 0x09, 0x25, 0x00, 0x00,
    0x20, 0x32, 0x00, 0x00, 0x10, 0x25, 0x00, 0x00, 0x86, 0x25, 0x00, 0x00, 0x68, 0x31, 0x00, 0x00,
    0x8C, 0x25, 0x00, 0x00, 0x2F, 0x26, 0x00, 0x00, 0x20, 0x32, 0x00, 0x00, 0x38, 0x26, 0x00, 0x00,
    0xB4, 0x26, 0x00, 0x00, 0x74, 0x31, 0x00, 0x00, 0x48, 0x27, 0x00, 0x00, 0x6F, 0x27, 0x00, 0x00,
    0x60, 0x31, 0x00, 0x00, 0x08, 0x60, 0x00, 0x00, 0xF7, 0x60, 0x00, 0x00, 0x40, 0x32, 0x00, 0x00,
    0x5C, 0x61, 0x00, 0x00, 0x7A, 0x61, 0x00, 0x00, 0x20, 0x32, 0x00, 0x00, 0x00, 0x00, 0x00, 0x00,
    0x00, 0x00, 0x00, 0x00, 0x00, 0x00, 0x00, 0x00, 0x00, 0x00, 0x00, 0x00, 0x00, 0x00, 0x00, 0x00,
    0x00, 0x00, 0x00, 0x00, 0x00, 0x00, 0x00, 0x00, 0x00, 0x00, 0x00, 0x00, 0x00, 0x00, 0x00, 0x00,
    0x00, 0x00, 0x00, 0x00, 0x00, 0x00, 0x00, 0x00, 0x00, 0x00, 0x00, 0x00, 0x00, 0x00, 0x00, 0x00,
    0x00, 0x00, 0x00, 0x00, 0x00, 0x00, 0x00, 0x00, 0x00, 0x00, 0x00, 0x00, 0x00, 0x00, 0x00, 0x00,
    0x00, 0x00, 0x00, 0x00, 0x00, 0x00, 0x00, 0x00, 0x00, 0x00, 0x00, 0x00, 0x00, 0x00, 0x00, 0x00,
    0x00, 0x00, 0x00, 0x00, 0x00, 0x00, 0x00, 0x00, 0x00, 0x00, 0x00, 0x00, 0x00, 0x00, 0x00, 0x00,
    0x00, 0x00, 0x00, 0x00, 0x00, 0x00, 0x00, 0x00, 0x00, 0x00, 0x00, 0x00, 0x00, 0x00, 0x00, 0x00,
    0x00, 0x00, 0x00, 0x00, 0x00, 0x00, 0x00, 0x00, 0x00, 0x00, 0x00, 0x00, 0x00, 0x00, 0x00, 0x00,
    0x00, 0x00, 0x00, 0x00, 0x00, 0x00, 0x00, 0x00, 0x00, 0x00, 0x00, 0x00, 0x00, 0x00, 0x00, 0x00,
    0x00, 0x00, 0x00, 0x00, 0x00, 0x00, 0x00, 0x00, 0x00, 0x00, 0x00, 0x00, 0x00, 0x00, 0x00, 0x00,
    0x00, 0x00, 0x00, 0x00, 0x00, 0x00, 0x00, 0x00, 0x00, 0x00, 0x00, 0x00, 0x00, 0x00, 0x00, 0x00,
    0x00, 0x00, 0x00, 0x00, 0x00, 0x00, 0x00, 0x00, 0x00, 0x00, 0x00, 0x00, 0x00, 0x00, 0x00, 0x00,
    0x00, 0x00, 0x00, 0x00, 0x00, 0x00, 0x00, 0x00, 0x00, 0x00, 0x00, 0x00, 0x00, 0x00, 0x00, 0x00,
    0x00, 0x00, 0x00, 0x00, 0x00, 0x00, 0x00, 0x00, 0x00, 0x00, 0x00, 0x00, 0x00, 0x00, 0x00, 0x00,
    0x00, 0x00, 0x00, 0x00, 0x00, 0x00, 0x00, 0x00, 0x00, 0x00, 0x00, 0x00, 0x00, 0x00, 0x00, 0x00,
    0x00, 0x00, 0x00, 0x00, 0x00, 0x00, 0x00, 0x00, 0x00, 0x00, 0x00, 0x00, 0x00, 0x00, 0x00, 0x00,
    0x00, 0x00, 0x00, 0x00, 0x00, 0x00, 0x00, 0x00, 0x40, 0x53, 0x48, 0x83, 0xEC, 0x60, 0x48, 0x8D,
    0x05, 0xF3, 0xAF, 0xFF, 0xFF, 0x48, 0x8B, 0xD9, 0xBA, 0x01, 0x00, 0x00, 0x00, 0x48, 0x89, 0x41,
    0x68, 0x48, 0x8D, 0x05, 0x34, 0xB0, 0xFF, 0xFF, 0x44, 0x8B, 0xC2, 0x48, 0x89, 0x41, 0x60, 0x48,
    0x8D, 0x05, 0xA2, 0xC4, 0xFF, 0xFF, 0x48, 0x89, 0x41, 0x70, 0x48, 0x8D, 0x05, 0xCF, 0xC4, 0xFF,
    0xFF, 0x48, 0x89, 0x81, 0x80, 0x00, 0x00, 0x00, 0x48, 0x8D, 0x05, 0x3D, 0xC5, 0xFF, 0xFF, 0x48,
    0x89, 0x81, 0xE0, 0x00, 0x00, 0x00, 0x48, 0x8D, 0x0D, 0xB3, 0xE0, 0xFF, 0xFF, 0xFF, 0x15, 0xB5,
    0xCF, 0xFF, 0xFF, 0x48, 0x8D, 0x15, 0x16, 0x01, 0x00, 0x00, 0x48, 0x8D, 0x4C, 0x24, 0x40, 0xFF,
    0x15, 0x23, 0xD0, 0xFF, 0xFF, 0x48, 0x8D, 0x15, 0x24, 0x01, 0x00, 0x00, 0x48, 0x8D, 0x4C, 0x24,
    0x50, 0xFF, 0x15, 0x11, 0xD0, 0xFF, 0xFF, 0x41, 0xB9, 0x22, 0x00, 0x00, 0x00, 0x4C, 0x8D, 0x5C,
    0x24, 0x70, 0x4C, 0x89, 0x5C, 0x24, 0x30, 0x4C, 0x8D, 0x44, 0x24, 0x40, 0x41, 0x8D, 0x51, 0x0E,
    0x48, 0x8B, 0xCB, 0xC6, 0x44, 0x24, 0x28, 0x00, 0x83, 0x64, 0x24, 0x20, 0x00, 0xFF, 0x15, 0x75,
    0xCF, 0xFF, 0xFF, 0x8B, 0xD8, 0x85, 0xC0, 0x78, 0x36, 0x48, 0x8B, 0x44, 0x24, 0x70, 0x48, 0x8D,
    0x54, 0x24, 0x40, 0x83, 0x48, 0x30, 0x04, 0x48, 0x8B, 0x4C, 0x24, 0x70, 0x48, 0x8B, 0x41, 0x40,
    0x48, 0x89, 0x08, 0x48, 0x8D, 0x4C, 0x24, 0x50, 0xFF, 0x15, 0x42, 0xCF, 0xFF, 0xFF, 0x8B, 0xD8,
    0x85, 0xC0, 0x79, 0x0B, 0x48, 0x8B, 0x4C, 0x24, 0x70, 0xFF, 0x15, 0x69, 0xCF, 0xFF, 0xFF, 0x8B,
    0xC3, 0x48, 0x83, 0xC4, 0x60, 0x5B, 0xC3, 0xCC, 0xCC, 0xCC, 0xCC, 0xCC, 0xCC, 0xCC, 0xCC, 0xCC,
    0x48, 0x8B, 0x05, 0xF9, 0xDF, 0xFF, 0xFF, 0x48, 0xBA, 0x32, 0xA2, 0xDF, 0x2D, 0x99, 0x2B, 0x00,
    0x00, 0x48, 0x85, 0xC0, 0x74, 0x05, 0x48, 0x3B, 0xC2, 0x75, 0x2F, 0x48, 0x8D, 0x0D, 0xDE, 0xDF,
    0xFF, 0xFF, 0x48, 0xB8, 0x20, 0x03, 0x00, 0x00, 0x80, 0xF7, 0xFF, 0xFF, 0x48, 0x8B, 0x00, 0x48,
    0x33, 0xC1, 0x48, 0xB9, 0xFF, 0xFF, 0xFF, 0xFF, 0xFF, 0xFF, 0x00, 0x00, 0x48, 0x23, 0xC1, 0x48,
    0x0F, 0x44, 0xC2, 0x48, 0x89, 0x05, 0xB6, 0xDF, 0xFF, 0xFF, 0x48, 0xF7, 0xD0, 0x48, 0x89, 0x05,
    0xB4, 0xDF, 0xFF, 0xFF, 0xC3, 0xCC, 0xCC, 0xCC, 0xCC, 0xCC, 0xCC, 0xCC, 0x48, 0x83, 0xEC, 0x28,
    0x4C, 0x8B, 0xC2, 0x4C, 0x8B, 0xC9, 0xE8, 0x95, 0xFF, 0xFF, 0xFF, 0x49, 0x8B, 0xD0, 0x49, 0x8B,
    0xC9, 0x48, 0x83, 0xC4, 0x28, 0xE9, 0x8E, 0xFE, 0xFF, 0xFF, 0xCC, 0xCC, 0xCC, 0xCC, 0xCC, 0xCC,
    0x5C, 0x00, 0x44, 0x00, 0x65, 0x00, 0x76, 0x00, 0x69, 0x00, 0x63, 0x00, 0x65, 0x00, 0x5C, 0x00,
    0x42, 0x00, 0x53, 0x00, 0x5F, 0x00, 0x4C, 0x00, 0x45, 0x00, 0x44, 0x00, 0x00, 0x00, 0xCC, 0xCC,
    0x5C, 0x00, 0x44, 0x00, 0x6F, 0x00, 0x73, 0x00, 0x44, 0x00, 0x65, 0x00, 0x76, 0x00, 0x69, 0x00,
    0x63, 0x00, 0x65, 0x00, 0x73, 0x00, 0x5C, 0x00, 0x42, 0x00, 0x53, 0x00, 0x5F, 0x00, 0x4C, 0x00,
    0x45, 0x00, 0x44, 0x00, 0x00, 0x00, 0xCC, 0xCC, 0x20, 0x62, 0x00, 0x00, 0x00, 0x00, 0x00, 0x00,
    0x00, 0x00, 0x00, 0x00, 0x60, 0x64, 0x00, 0x00, 0x18, 0x30, 0x00, 0x00, 0x08, 0x62, 0x00, 0x00,
    0x00, 0x00, 0x00, 0x00, 0x00, 0x00, 0x00, 0x00, 0x9E, 0x64, 0x00, 0x00, 0x00, 0x30, 0x00, 0x00,
    0x00, 0x00, 0x00, 0x00, 0x00, 0x00, 0x00, 0x00, 0x00, 0x00, 0x00, 0x00, 0x00, 0x00, 0x00, 0x00,
    0x00, 0x00, 0x00, 0x00, 0x00, 0x00, 0x00, 0x00, 0x6E, 0x64, 0x00, 0x00, 0x00, 0x00, 0x00, 0x00,
    0x86, 0x64, 0x00, 0x00, 0x00, 0x00, 0x00, 0x00, 0x00, 0x00, 0x00, 0x00, 0x00, 0x00, 0x00, 0x00,
    0x02, 0x63, 0x00, 0x00, 0x00, 0x00, 0x00, 0x00, 0x1A, 0x63, 0x00, 0x00, 0x00, 0x00, 0x00, 0x00,
    0x32, 0x63, 0x00, 0x00, 0x00, 0x00, 0x00, 0x00, 0x44, 0x63, 0x00, 0x00, 0x00, 0x00, 0x00, 0x00,
    0x56, 0x63, 0x00, 0x00, 0x00, 0x00, 0x00, 0x00, 0x70, 0x63, 0x00, 0x00, 0x00, 0x00, 0x00, 0x00,
    0x84, 0x63, 0x00, 0x00, 0x00, 0x00, 0x00, 0x00, 0x94, 0x63, 0x00, 0x00, 0x00, 0x00, 0x00, 0x00,
    0xF0, 0x62, 0x00, 0x00, 0x00, 0x00, 0x00, 0x00, 0xC2, 0x63, 0x00, 0x00, 0x00, 0x00, 0x00, 0x00,
    0xDC, 0x63, 0x00, 0x00, 0x00, 0x00, 0x00, 0x00, 0xF6, 0x63, 0x00, 0x00, 0x00, 0x00, 0x00, 0x00,
    0x06, 0x64, 0x00, 0x00, 0x00, 0x00, 0x00, 0x00, 0x1C, 0x64, 0x00, 0x00, 0x00, 0x00, 0x00, 0x00,
    0x34, 0x64, 0x00, 0x00, 0x00, 0x00, 0x00, 0x00, 0x50, 0x64, 0x00, 0x00, 0x00, 0x00, 0x00, 0x00,
    0xD8, 0x62, 0x00, 0x00, 0x00, 0x00, 0x00, 0x00, 0xAC, 0x63, 0x00, 0x00, 0x00, 0x00, 0x00, 0x00,
    0xC0, 0x62, 0x00, 0x00, 0x00, 0x00, 0x00, 0x00, 0x00, 0x00, 0x00, 0x00, 0x00, 0x00, 0x00, 0x00,
    0x61, 0x01, 0x49, 0x6F, 0x44, 0x65, 0x6C, 0x65, 0x74, 0x65, 0x53, 0x79, 0x6D, 0x62, 0x6F, 0x6C,
    0x69, 0x63, 0x4C, 0x69, 0x6E, 0x6B, 0x00, 0x00, 0x3E, 0x04, 0x52, 0x74, 0x6C, 0x49, 0x6E, 0x69,
    0x74, 0x55, 0x6E, 0x69, 0x63, 0x6F, 0x64, 0x65, 0x53, 0x74, 0x72, 0x69, 0x6E, 0x67, 0x00, 0x00,
    0x5F, 0x01, 0x49, 0x6F, 0x44, 0x65, 0x6C, 0x65, 0x74, 0x65, 0x44, 0x65, 0x76, 0x69, 0x63, 0x65,
    0x00, 0x00, 0x34, 0x02, 0x4B, 0x65, 0x49, 0x6E, 0x69, 0x74, 0x69, 0x61, 0x6C, 0x69, 0x7A, 0x65,
    0x53, 0x65, 0x6D, 0x61, 0x70, 0x68, 0x6F, 0x72, 0x65, 0x00, 0x55, 0x01, 0x49, 0x6F, 0x43, 0x72,
    0x65, 0x61, 0x74, 0x65, 0x53, 0x79, 0x6D, 0x62, 0x6F, 0x6C, 0x69, 0x63, 0x4C, 0x69, 0x6E, 0x6B,
    0x00, 0x00, 0x4C, 0x01, 0x49, 0x6F, 0x43, 0x72, 0x65, 0x61, 0x74, 0x65, 0x44, 0x65, 0x76, 0x69,
    0x63, 0x65, 0x00, 0x00, 0xEE, 0x02, 0x4D, 0x6D, 0x55, 0x6E, 0x6D, 0x61, 0x70, 0x49, 0x6F, 0x53,
    0x70, 0x61, 0x63, 0x65, 0x00, 0x00, 0x18, 0x02, 0x4B, 0x65, 0x44, 0x65, 0x6C, 0x61, 0x79, 0x45,
    0x78, 0x65, 0x63, 0x75, 0x74, 0x69, 0x6F, 0x6E, 0x54, 0x68, 0x72, 0x65, 0x61, 0x64, 0x00, 0x00,
    0xCD, 0x01, 0x49, 0x6F, 0x53, 0x74, 0x61, 0x72, 0x74, 0x4E, 0x65, 0x78, 0x74, 0x50, 0x61, 0x63,
    0x6B, 0x65, 0x74, 0x00, 0xD0, 0x02, 0x4D, 0x6D, 0x4D, 0x61, 0x70, 0x49, 0x6F, 0x53, 0x70, 0x61,
    0x63, 0x65, 0x00, 0x00, 0x94, 0x02, 0x4B, 0x65, 0x57, 0x61, 0x69, 0x74, 0x46, 0x6F, 0x72, 0x53,
    0x69, 0x6E, 0x67, 0x6C, 0x65, 0x4F, 0x62, 0x6A, 0x65, 0x63, 0x74, 0x00, 0x64, 0x02, 0x4B, 0x65,
    0x52, 0x65, 0x6C, 0x65, 0x61, 0x73, 0x65, 0x53, 0x65, 0x6D, 0x61, 0x70, 0x68, 0x6F, 0x72, 0x65,
    0x00, 0x00, 0xB2, 0x01, 0x49, 0x6F, 0x52, 0x65, 0x6C, 0x65, 0x61, 0x73, 0x65, 0x43, 0x61, 0x6E,
    0x63, 0x65, 0x6C, 0x53, 0x70, 0x69, 0x6E, 0x4C, 0x6F, 0x63, 0x6B, 0x00, 0x2A, 0x01, 0x49, 0x6F,
    0x41, 0x63, 0x71, 0x75, 0x69, 0x72, 0x65, 0x43, 0x61, 0x6E, 0x63, 0x65, 0x6C, 0x53, 0x70, 0x69,
    0x6E, 0x4C, 0x6F, 0x63, 0x6B, 0x00, 0xCF, 0x01, 0x49, 0x6F, 0x53, 0x74, 0x61, 0x72, 0x74, 0x50,
    0x61, 0x63, 0x6B, 0x65, 0x74, 0x00, 0xF6, 0x01, 0x49, 0x6F, 0x66, 0x43, 0x6F, 0x6D, 0x70, 0x6C,
    0x65, 0x74, 0x65, 0x52, 0x65, 0x71, 0x75, 0x65, 0x73, 0x74, 0x00, 0x00, 0x52, 0x03, 0x4F, 0x62,
    0x66, 0x44, 0x65, 0x72, 0x65, 0x66, 0x65, 0x72, 0x65, 0x6E, 0x63, 0x65, 0x4F, 0x62, 0x6A, 0x65,
    0x63, 0x74, 0x00, 0x00, 0x6B, 0x02, 0x4B, 0x65, 0x52, 0x65, 0x6D, 0x6F, 0x76, 0x65, 0x45, 0x6E,
    0x74, 0x72, 0x79, 0x44, 0x65, 0x76, 0x69, 0x63, 0x65, 0x51, 0x75, 0x65, 0x75, 0x65, 0x00, 0x00,
    0x13, 0x02, 0x4B, 0x65, 0x42, 0x75, 0x67, 0x43, 0x68, 0x65, 0x63, 0x6B, 0x45, 0x78, 0x00, 0x00,
    0x6E, 0x74, 0x6F, 0x73, 0x6B, 0x72, 0x6E, 0x6C, 0x2E, 0x65, 0x78, 0x65, 0x00, 0x00, 0x25, 0x00,
    0x48, 0x61, 0x6C, 0x53, 0x65, 0x74, 0x42, 0x75, 0x73, 0x44, 0x61, 0x74, 0x61, 0x42, 0x79, 0x4F,
    0x66, 0x66, 0x73, 0x65, 0x74, 0x00, 0x11, 0x00, 0x48, 0x61, 0x6C, 0x47, 0x65, 0x74, 0x42, 0x75,
    0x73, 0x44, 0x61, 0x74, 0x61, 0x42, 0x79, 0x4F, 0x66, 0x66, 0x73, 0x65, 0x74, 0x00, 0x48, 0x41,
    0x4C, 0x2E, 0x64, 0x6C, 0x6C, 0x00, 0x00, 0x00, 0x00, 0x00, 0x00, 0x00, 0x00, 0x00, 0x00, 0x00,
    0x00, 0x00, 0x00, 0x00, 0x00, 0x00, 0x00, 0x00, 0x00, 0x00, 0x00, 0x00, 0x00, 0x00, 0x00, 0x00,
    0x00, 0x00, 0x00, 0x00, 0x00, 0x00, 0x00, 0x00, 0x00, 0x00, 0x00, 0x00, 0x00, 0x00, 0x00, 0x00,
    0x00, 0x00, 0x00, 0x00, 0x00, 0x00, 0x00, 0x00, 0x00, 0x00, 0x00, 0x00, 0x00, 0x00, 0x00, 0x00,
    0x00, 0x00, 0x00, 0x00, 0x00, 0x00, 0x00, 0x00, 0x00, 0x00, 0x00, 0x00, 0x00, 0x00, 0x00, 0x00,
    0x00, 0x00, 0x00, 0x00, 0x00, 0x00, 0x00, 0x00, 0x00, 0x00, 0x00, 0x00, 0x00, 0x00, 0x00, 0x00,
    0x00, 0x00, 0x00, 0x00, 0x00, 0x00, 0x00, 0x00, 0x00, 0x00, 0x00, 0x00, 0x00, 0x00, 0x00, 0x00,
    0x00, 0x00, 0x00, 0x00, 0x00, 0x00, 0x00, 0x00, 0x00, 0x00, 0x00, 0x00, 0x00, 0x00, 0x00, 0x00,
    0x00, 0x00, 0x00, 0x00, 0x00, 0x00, 0x00, 0x00, 0x00, 0x00, 0x00, 0x00, 0x00, 0x00, 0x00, 0x00,
    0x00, 0x00, 0x00, 0x00, 0x00, 0x00, 0x00, 0x00, 0x00, 0x00, 0x00, 0x00, 0x00, 0x00, 0x00, 0x00,
    0x00, 0x00, 0x00, 0x00, 0x00, 0x00, 0x00, 0x00, 0x00, 0x00, 0x00, 0x00, 0x00, 0x00, 0x00, 0x00,
    0x00, 0x00, 0x00, 0x00, 0x00, 0x00, 0x00, 0x00, 0x00, 0x00, 0x00, 0x00, 0x00, 0x00, 0x00, 0x00,
    0x00, 0x00, 0x00, 0x00, 0x00, 0x00, 0x00, 0x00, 0x00, 0x00, 0x00, 0x00, 0x00, 0x00, 0x00, 0x00,
    0x00, 0x00, 0x00, 0x00, 0x00, 0x00, 0x00, 0x00, 0x00, 0x00, 0x00, 0x00, 0x00, 0x00, 0x00, 0x00,
    0x00, 0x00, 0x00, 0x00, 0x00, 0x00, 0x00, 0x00, 0x00, 0x00, 0x00, 0x00, 0x00, 0x00, 0x00, 0x00,
    0x00, 0x00, 0x00, 0x00, 0x00, 0x00, 0x00, 0x00, 0x00, 0x00, 0x00, 0x00, 0x00, 0x00, 0x00, 0x00,
    0x00, 0x00, 0x00, 0x00, 0x00, 0x00, 0x00, 0x00, 0x00, 0x00, 0x00, 0x00, 0x00, 0x00, 0x00, 0x00,
    0x00, 0x00, 0x00, 0x00, 0x00, 0x00, 0x00, 0x00, 0x00, 0x00, 0x00, 0x00, 0x00, 0x00, 0x00, 0x00,
    0x00, 0x00, 0x00, 0x00, 0x00, 0x00, 0x00, 0x00, 0x00, 0x00, 0x00, 0x00, 0x00, 0x00, 0x00, 0x00,
    0x00, 0x00, 0x00, 0x00, 0x00, 0x00, 0x00, 0x00, 0x00, 0x00, 0x00, 0x00, 0x00, 0x00, 0x00, 0x00,
    0x00, 0x00, 0x00, 0x00, 0x00, 0x00, 0x00, 0x00, 0x00, 0x00, 0x00, 0x00, 0x00, 0x00, 0x00, 0x00,
    0x00, 0x00, 0x00, 0x00, 0x00, 0x00, 0x00, 0x00, 0x00, 0x00, 0x00, 0x00, 0x00, 0x00, 0x00, 0x00,
    0x00, 0x00, 0x00, 0x00, 0x00, 0x00, 0x00, 0x00, 0x00, 0x00, 0x00, 0x00, 0x00, 0x00, 0x01, 0x00,
    0x10, 0x00, 0x00, 0x00, 0x18, 0x00, 0x00, 0x80, 0x00, 0x00, 0x00, 0x00, 0x00, 0x00, 0x00, 0x00,
    0x00, 0x00, 0x00, 0x00, 0x00, 0x00, 0x01, 0x00, 0x01, 0x00, 0x00, 0x00, 0x30, 0x00, 0x00, 0x80,
    0x00, 0x00, 0x00, 0x00, 0x00, 0x00, 0x00, 0x00, 0x00, 0x00, 0x00, 0x00, 0x00, 0x00, 0x01, 0x00,
    0x09, 0x04, 0x00, 0x00, 0x48, 0x00, 0x00, 0x00, 0x60, 0x70, 0x00, 0x00, 0xAC, 0x03, 0x00, 0x00,
    0x00, 0x00, 0x00, 0x00, 0x00, 0x00, 0x00, 0x00, 0x00, 0x00, 0x00, 0x00, 0x00, 0x00, 0x00, 0x00,
    0xAC, 0x03, 0x34, 0x00, 0x00, 0x00, 0x56, 0x00, 0x53, 0x00, 0x5F, 0x00, 0x56, 0x00, 0x45, 0x00,
    0x52, 0x00, 0x53, 0x00, 0x49, 0x00, 0x4F, 0x00, 0x4E, 0x00, 0x5F, 0x00, 0x49, 0x00, 0x4E, 0x00,
    0x46, 0x00, 0x4F, 0x00, 0x00, 0x00, 0x00, 0x00, 0xBD, 0x04, 0xEF, 0xFE, 0x00, 0x00, 0x01, 0x00,
    0x00, 0x00, 0x0A, 0x00, 0x00, 0x00, 0x00, 0x00, 0x00, 0x00, 0x0A, 0x00, 0x00, 0x00, 0x00, 0x00,
    0x3F, 0x00, 0x00, 0x00, 0x00, 0x00, 0x00, 0x00, 0x04, 0x00, 0x00, 0x00, 0x02, 0x00, 0x00, 0x00,
    0x00, 0x00, 0x00, 0x00, 0x00, 0x00, 0x00, 0x00, 0x00, 0x00, 0x00, 0x00, 0x0C, 0x03, 0x00, 0x00,
    0x01, 0x00, 0x53, 0x00, 0x74, 0x00, 0x72, 0x00, 0x69, 0x00, 0x6E, 0x00, 0x67, 0x00, 0x46, 0x00,
    0x69, 0x00, 0x6C, 0x00, 0x65, 0x00, 0x49, 0x00, 0x6E, 0x00, 0x66, 0x00, 0x6F, 0x00, 0x00, 0x00,
    0xE8, 0x02, 0x00, 0x00, 0x01, 0x00, 0x30, 0x00, 0x34, 0x00, 0x30, 0x00, 0x39, 0x00, 0x30, 0x00,
    0x34, 0x00, 0x62, 0x00, 0x30, 0x00, 0x00, 0x00, 0x18, 0x00, 0x00, 0x00, 0x01, 0x00, 0x43, 0x00,
    0x6F, 0x00, 0x6D, 0x00, 0x6D, 0x00, 0x65, 0x00, 0x6E, 0x00, 0x74, 0x00, 0x73, 0x00, 0x00, 0x00,
    0x3C, 0x00, 0x0E, 0x00, 0x01, 0x00, 0x43, 0x00, 0x6F, 0x00, 0x6D, 0x00, 0x70, 0x00, 0x61, 0x00,
    0x6E, 0x00, 0x79, 0x00, 0x4E, 0x00, 0x61, 0x00, 0x6D, 0x00, 0x65, 0x00, 0x00, 0x00, 0x00, 0x00,
    0x42, 0x00, 0x49, 0x00, 0x4F, 0x00, 0x53, 0x00, 0x54, 0x00, 0x41, 0x00, 0x52, 0x00, 0x20, 0x00,
    0x47, 0x00, 0x72, 0x00, 0x6F, 0x00, 0x75, 0x00, 0x70, 0x00, 0x00, 0x00, 0x5C, 0x00, 0x1A, 0x00,
    0x01, 0x00, 0x46, 0x00, 0x69, 0x00, 0x6C, 0x00, 0x65, 0x00, 0x44, 0x00, 0x65, 0x00, 0x73, 0x00,
    0x63, 0x00, 0x72, 0x00, 0x69, 0x00, 0x70, 0x00, 0x74, 0x00, 0x69, 0x00, 0x6F, 0x00, 0x6E, 0x00,
    0x00, 0x00, 0x00, 0x00, 0x49, 0x00, 0x2F, 0x00, 0x4F, 0x00, 0x20, 0x00, 0x49, 0x00, 0x6E, 0x00,
    0x74, 0x00, 0x65, 0x00, 0x72, 0x00, 0x66, 0x00, 0x61, 0x00, 0x63, 0x00, 0x65, 0x00, 0x20, 0x00,
    0x64, 0x00, 0x72, 0x00, 0x69, 0x00, 0x76, 0x00, 0x65, 0x00, 0x72, 0x00, 0x20, 0x00, 0x66, 0x00,
    0x69, 0x00, 0x6C, 0x00, 0x65, 0x00, 0x00, 0x00, 0x3E, 0x00, 0x0F, 0x00, 0x01, 0x00, 0x46, 0x00,
    0x69, 0x00, 0x6C, 0x00, 0x65, 0x00, 0x56, 0x00, 0x65, 0x00, 0x72, 0x00, 0x73, 0x00, 0x69, 0x00,
    0x6F, 0x00, 0x6E, 0x00, 0x00, 0x00, 0x00, 0x00, 0x31, 0x00, 0x30, 0x00, 0x2E, 0x00, 0x30, 0x00,
    0x2E, 0x00, 0x32, 0x00, 0x34, 0x00, 0x31, 0x00, 0x30, 0x00, 0x2E, 0x00, 0x31, 0x00, 0x30, 0x00,
    0x30, 0x00, 0x30, 0x00, 0x00, 0x00, 0x00, 0x00, 0x36, 0x00, 0x0B, 0x00, 0x01, 0x00, 0x49, 0x00,
    0x6E, 0x00, 0x74, 0x00, 0x65, 0x00, 0x72, 0x00, 0x6E, 0x00, 0x61, 0x00, 0x6C, 0x00, 0x4E, 0x00,
    0x61, 0x00, 0x6D, 0x00, 0x65, 0x00, 0x00, 0x00, 0x49, 0x00, 0x2F, 0x00, 0x4F, 0x00, 0x20, 0x00,
    0x64, 0x00, 0x72, 0x00, 0x69, 0x00, 0x76, 0x00, 0x65, 0x00, 0x72, 0x00, 0x00, 0x00, 0x00, 0x00,
    0x70, 0x00, 0x26, 0x00, 0x01, 0x00, 0x4C, 0x00, 0x65, 0x00, 0x67, 0x00, 0x61, 0x00, 0x6C, 0x00,
    0x43, 0x00, 0x6F, 0x00, 0x70, 0x00, 0x79, 0x00, 0x72, 0x00, 0x69, 0x00, 0x67, 0x00, 0x68, 0x00,
    0x74, 0x00, 0x00, 0x00, 0x43, 0x00, 0x6F, 0x00, 0x70, 0x00, 0x79, 0x00, 0x72, 0x00, 0x69, 0x00,
    0x67, 0x00, 0x68, 0x00, 0x74, 0x00, 0x20, 0x00, 0x28, 0x00, 0x63, 0x00, 0x29, 0x00, 0x20, 0x00,
    0x32, 0x00, 0x30, 0x00, 0x31, 0x00, 0x38, 0x00, 0x2D, 0x00, 0x32, 0x00, 0x30, 0x00, 0x32, 0x00,
    0x34, 0x00, 0x20, 0x00, 0x42, 0x00, 0x49, 0x00, 0x4F, 0x00, 0x53, 0x00, 0x54, 0x00, 0x41, 0x00,
    0x52, 0x00, 0x20, 0x00, 0x47, 0x00, 0x72, 0x00, 0x6F, 0x00, 0x75, 0x00, 0x70, 0x00, 0x00, 0x00,
    0x28, 0x00, 0x00, 0x00, 0x01, 0x00, 0x4C, 0x00, 0x65, 0x00, 0x67, 0x00, 0x61, 0x00, 0x6C, 0x00,
    0x54, 0x00, 0x72, 0x00, 0x61, 0x00, 0x64, 0x00, 0x65, 0x00, 0x6D, 0x00, 0x61, 0x00, 0x72, 0x00,
    0x6B, 0x00, 0x73, 0x00, 0x00, 0x00, 0x00, 0x00, 0x42, 0x00, 0x0D, 0x00, 0x01, 0x00, 0x4F, 0x00,
    0x72, 0x00, 0x69, 0x00, 0x67, 0x00, 0x69, 0x00, 0x6E, 0x00, 0x61, 0x00, 0x6C, 0x00, 0x46, 0x00,
    0x69, 0x00, 0x6C, 0x00, 0x65, 0x00, 0x6E, 0x00, 0x61, 0x00, 0x6D, 0x00, 0x65, 0x00, 0x00, 0x00,
    0x42, 0x00, 0x53, 0x00, 0x5F, 0x00, 0x4C, 0x00, 0x45, 0x00, 0x44, 0x00, 0x36, 0x00, 0x34, 0x00,
    0x2E, 0x00, 0x73, 0x00, 0x79, 0x00, 0x73, 0x00, 0x00, 0x00, 0x00, 0x00, 0x20, 0x00, 0x00, 0x00,
    0x01, 0x00, 0x50, 0x00, 0x72, 0x00, 0x69, 0x00, 0x76, 0x00, 0x61, 0x00, 0x74, 0x00, 0x65, 0x00,
    0x42, 0x00, 0x75, 0x00, 0x69, 0x00, 0x6C, 0x00, 0x64, 0x00, 0x00, 0x00, 0x46, 0x00, 0x13, 0x00,
    0x01, 0x00, 0x50, 0x00, 0x72, 0x00, 0x6F, 0x00, 0x64, 0x00, 0x75, 0x00, 0x63, 0x00, 0x74, 0x00,
    0x4E, 0x00, 0x61, 0x00, 0x6D, 0x00, 0x65, 0x00, 0x00, 0x00, 0x00, 0x00, 0x42, 0x00, 0x49, 0x00,
    0x4F, 0x00, 0x53, 0x00, 0x54, 0x00, 0x41, 0x00, 0x52, 0x00, 0x20, 0x00, 0x49, 0x00, 0x2F, 0x00,
    0x4F, 0x00, 0x20, 0x00, 0x64, 0x00, 0x72, 0x00, 0x69, 0x00, 0x76, 0x00, 0x65, 0x00, 0x72, 0x00,
    0x00, 0x00, 0x00, 0x00, 0x42, 0x00, 0x0F, 0x00, 0x01, 0x00, 0x50, 0x00, 0x72, 0x00, 0x6F, 0x00,
    0x64, 0x00, 0x75, 0x00, 0x63, 0x00, 0x74, 0x00, 0x56, 0x00, 0x65, 0x00, 0x72, 0x00, 0x73, 0x00,
    0x69, 0x00, 0x6F, 0x00, 0x6E, 0x00, 0x00, 0x00, 0x31, 0x00, 0x30, 0x00, 0x2E, 0x00, 0x30, 0x00,
    0x2E, 0x00, 0x32, 0x00, 0x34, 0x00, 0x31, 0x00, 0x30, 0x00, 0x2E, 0x00, 0x31, 0x00, 0x30, 0x00,
    0x30, 0x00, 0x30, 0x00, 0x00, 0x00, 0x00, 0x00, 0x20, 0x00, 0x00, 0x00, 0x01, 0x00, 0x53, 0x00,
    0x70, 0x00, 0x65, 0x00, 0x63, 0x00, 0x69, 0x00, 0x61, 0x00, 0x6C, 0x00, 0x42, 0x00, 0x75, 0x00,
    0x69, 0x00, 0x6C, 0x00, 0x64, 0x00, 0x00, 0x00, 0x44, 0x00, 0x00, 0x00, 0x01, 0x00, 0x56, 0x00,
    0x61, 0x00, 0x72, 0x00, 0x46, 0x00, 0x69, 0x00, 0x6C, 0x00, 0x65, 0x00, 0x49, 0x00, 0x6E, 0x00,
    0x66, 0x00, 0x6F, 0x00, 0x00, 0x00, 0x00, 0x00, 0x24, 0x00, 0x04, 0x00, 0x00, 0x00, 0x54, 0x00,
    0x72, 0x00, 0x61, 0x00, 0x6E, 0x00, 0x73, 0x00, 0x6C, 0x00, 0x61, 0x00, 0x74, 0x00, 0x69, 0x00,
    0x6F, 0x00, 0x6E, 0x00, 0x00, 0x00, 0x00, 0x00, 0x09, 0x04, 0xB0, 0x04, 0x00, 0x00, 0x00, 0x00,
    0x00, 0x00, 0x00, 0x00, 0x00, 0x00, 0x00, 0x00, 0x00, 0x00, 0x00, 0x00, 0x00, 0x00, 0x00, 0x00,
    0x00, 0x00, 0x00, 0x00, 0x00, 0x00, 0x00, 0x00, 0x00, 0x00, 0x00, 0x00, 0x00, 0x00, 0x00, 0x00,
    0x00, 0x00, 0x00, 0x00, 0x00, 0x00, 0x00, 0x00, 0x00, 0x00, 0x00, 0x00, 0x00, 0x00, 0x00, 0x00,
    0x00, 0x00, 0x00, 0x00, 0x00, 0x00, 0x00, 0x00, 0x00, 0x00, 0x00, 0x00, 0x00, 0x00, 0x00, 0x00,
    0x00, 0x00, 0x00, 0x00, 0x00, 0x00, 0x00, 0x00, 0x00, 0x00, 0x00, 0x00, 0x00, 0x00, 0x00, 0x00,
    0x00, 0x00, 0x00, 0x00, 0x00, 0x00, 0x00, 0x00, 0x00, 0x00, 0x00, 0x00, 0x00, 0x00, 0x00, 0x00,
    0x00, 0x00, 0x00, 0x00, 0x00, 0x00, 0x00, 0x00, 0x00, 0x00, 0x00, 0x00, 0x00, 0x00, 0x00, 0x00,
    0x00, 0x00, 0x00, 0x00, 0x00, 0x00, 0x00, 0x00, 0x00, 0x00, 0x00, 0x00, 0x00, 0x00, 0x00, 0x00,
    0x00, 0x00, 0x00, 0x00, 0x00, 0x00, 0x00, 0x00, 0x00, 0x00, 0x00, 0x00, 0x00, 0x00, 0x00, 0x00,
    0x00, 0x00, 0x00, 0x00, 0x00, 0x00, 0x00, 0x00, 0x00, 0x00, 0x00, 0x00, 0x00, 0x00, 0x00, 0x00,
    0x00, 0x00, 0x00, 0x00, 0x00, 0x00, 0x00, 0x00, 0x00, 0x00, 0x00, 0x00, 0x00, 0x00, 0x00, 0x00,
    0x00, 0x00, 0x00, 0x00, 0x00, 0x00, 0x00, 0x00, 0x00, 0x00, 0x00, 0x00, 0x00, 0x00, 0x00, 0x00,
    0x00, 0x00, 0x00, 0x00, 0x00, 0x00, 0x00, 0x00, 0x00, 0x00, 0x00, 0x00, 0x00, 0x00, 0x00, 0x00,
    0x00, 0x00, 0x00, 0x00, 0x00, 0x00, 0x00, 0x00, 0x00, 0x00, 0x00, 0x00, 0x00, 0x00, 0x00, 0x00,
    0x00, 0x00, 0x00, 0x00, 0x00, 0x00, 0x00, 0x00, 0x00, 0x00, 0x00, 0x00, 0x00, 0x00, 0x00, 0x00,
    0x00, 0x00, 0x00, 0x00, 0x00, 0x00, 0x00, 0x00, 0x00, 0x00, 0x00, 0x00, 0x00, 0x00, 0x00, 0x00,
    0x00, 0x00, 0x00, 0x00, 0x00, 0x00, 0x00, 0x00, 0x00, 0x00, 0x00, 0x00, 0x00, 0x00, 0x00, 0x00,
    0x00, 0x00, 0x00, 0x00, 0x00, 0x00, 0x00, 0x00, 0x00, 0x00, 0x00, 0x00, 0x00, 0x00, 0x00, 0x00,
    0x00, 0x00, 0x00, 0x00, 0x00, 0x00, 0x00, 0x00, 0x00, 0x00, 0x00, 0x00, 0x00, 0x00, 0x00, 0x00,
    0x00, 0x00, 0x00, 0x00, 0x00, 0x00, 0x00, 0x00, 0x00, 0x00, 0x00, 0x00, 0x00, 0x00, 0x00, 0x00,
    0x00, 0x00, 0x00, 0x00, 0x00, 0x00, 0x00, 0x00, 0x00, 0x00, 0x00, 0x00, 0x00, 0x00, 0x00, 0x00,
    0x00, 0x00, 0x00, 0x00, 0x00, 0x00, 0x00, 0x00, 0x00, 0x00, 0x00, 0x00, 0x00, 0x00, 0x00, 0x00,
    0x00, 0x00, 0x00, 0x00, 0x00, 0x00, 0x00, 0x00, 0x00, 0x00, 0x00, 0x00, 0x00, 0x00, 0x00, 0x00,
    0x00, 0x00, 0x00, 0x00, 0x00, 0x00, 0x00, 0x00, 0x00, 0x00, 0x00, 0x00, 0x00, 0x00, 0x00, 0x00,
    0x00, 0x00, 0x00, 0x00, 0x00, 0x00, 0x00, 0x00, 0x00, 0x00, 0x00, 0x00, 0x00, 0x00, 0x00, 0x00,
    0x00, 0x00, 0x00, 0x00, 0x00, 0x00, 0x00, 0x00, 0x00, 0x00, 0x00, 0x00, 0x00, 0x00, 0x00, 0x00,
    0x00, 0x00, 0x00, 0x00, 0x00, 0x00, 0x00, 0x00, 0x00, 0x00, 0x00, 0x00, 0x00, 0x00, 0x00, 0x00,
    0x00, 0x00, 0x00, 0x00, 0x00, 0x00, 0x00, 0x00, 0x00, 0x00, 0x00, 0x00, 0x00, 0x00, 0x00, 0x00,
    0x00, 0x00, 0x00, 0x00, 0x00, 0x00, 0x00, 0x00, 0x00, 0x00, 0x00, 0x00, 0x00, 0x00, 0x00, 0x00,
    0x00, 0x00, 0x00, 0x00, 0x00, 0x00, 0x00, 0x00, 0x00, 0x00, 0x00, 0x00, 0x00, 0x00, 0x00, 0x00,
    0x00, 0x00, 0x00, 0x00, 0x00, 0x00, 0x00, 0x00, 0x00, 0x00, 0x00, 0x00, 0x00, 0x00, 0x00, 0x00,
    0xD0, 0x28, 0x00, 0x00, 0x00, 0x02, 0x02, 0x00, 0x30, 0x82, 0x28, 0xC1, 0x06, 0x09, 0x2A, 0x86,
    0x48, 0x86, 0xF7, 0x0D, 0x01, 0x07, 0x02, 0xA0, 0x82, 0x28, 0xB2, 0x30, 0x82, 0x28, 0xAE, 0x02,
    0x01, 0x01, 0x31, 0x0F, 0x30, 0x0D, 0x06, 0x09, 0x60, 0x86, 0x48, 0x01, 0x65, 0x03, 0x04, 0x02,
    0x01, 0x05, 0x00, 0x30, 0x5C, 0x06, 0x0A, 0x2B, 0x06, 0x01, 0x04, 0x01, 0x82, 0x37, 0x02, 0x01,
    0x04, 0xA0, 0x4E, 0x30, 0x4C, 0x30, 0x17, 0x06, 0x0A, 0x2B, 0x06, 0x01, 0x04, 0x01, 0x82, 0x37,
    0x02, 0x01, 0x0F, 0x30, 0x09, 0x03, 0x01, 0x00, 0xA0, 0x04, 0xA2, 0x02, 0x80, 0x00, 0x30, 0x31,
    0x30, 0x0D, 0x06, 0x09, 0x60, 0x86, 0x48, 0x01, 0x65, 0x03, 0x04, 0x02, 0x01, 0x05, 0x00, 0x04,
    0x20, 0xB3, 0x83, 0x6A, 0x01, 0x67, 0xC7, 0xB8, 0x4A, 0xEA, 0xA9, 0xF1, 0xC5, 0x51, 0xD4, 0xE4,
    0xC8, 0x2A, 0xBA, 0x0E, 0x79, 0x95, 0x87, 0x76, 0xA7, 0xAE, 0x60, 0xEB, 0xEC, 0xA6, 0x7A, 0x60,
    0x6F, 0xA0, 0x82, 0x0D, 0xC9, 0x30, 0x82, 0x06, 0x71, 0x30, 0x82, 0x04, 0x59, 0xA0, 0x03, 0x02,
    0x01, 0x02, 0x02, 0x13, 0x33, 0x00, 0x00, 0x00, 0x69, 0x9D, 0x42, 0xC9, 0x76, 0x75, 0xB5, 0x08,
    0x82, 0x00, 0x00, 0x00, 0x00, 0x00, 0x69, 0x30, 0x0D, 0x06, 0x09, 0x2A, 0x86, 0x48, 0x86, 0xF7,
    0x0D, 0x01, 0x01, 0x0B, 0x05, 0x00, 0x30, 0x81, 0x8E, 0x31, 0x0B, 0x30, 0x09, 0x06, 0x03, 0x55,
    0x04, 0x06, 0x13, 0x02, 0x55, 0x53, 0x31, 0x13, 0x30, 0x11, 0x06, 0x03, 0x55, 0x04, 0x08, 0x13,
    0x0A, 0x57, 0x61, 0x73, 0x68, 0x69, 0x6E, 0x67, 0x74, 0x6F, 0x6E, 0x31, 0x10, 0x30, 0x0E, 0x06,
    0x03, 0x55, 0x04, 0x07, 0x13, 0x07, 0x52, 0x65, 0x64, 0x6D, 0x6F, 0x6E, 0x64, 0x31, 0x1E, 0x30,
    0x1C, 0x06, 0x03, 0x55, 0x04, 0x0A, 0x13, 0x15, 0x4D, 0x69, 0x63, 0x72, 0x6F, 0x73, 0x6F, 0x66,
    0x74, 0x20, 0x43, 0x6F, 0x72, 0x70, 0x6F, 0x72, 0x61, 0x74, 0x69, 0x6F, 0x6E, 0x31, 0x38, 0x30,
    0x36, 0x06, 0x03, 0x55, 0x04, 0x03, 0x13, 0x2F, 0x4D, 0x69, 0x63, 0x72, 0x6F, 0x73, 0x6F, 0x66,
    0x74, 0x20, 0x57, 0x69, 0x6E, 0x64, 0x6F, 0x77, 0x73, 0x20, 0x54, 0x68, 0x69, 0x72, 0x64, 0x20,
    0x50, 0x61, 0x72, 0x74, 0x79, 0x20, 0x43, 0x6F, 0x6D, 0x70, 0x6F, 0x6E, 0x65, 0x6E, 0x74, 0x20,
    0x43, 0x41, 0x20, 0x32, 0x30, 0x31, 0x34, 0x30, 0x1E, 0x17, 0x0D, 0x32, 0x34, 0x30, 0x31, 0x31,
    0x31, 0x32, 0x30, 0x30, 0x39, 0x31, 0x35, 0x5A, 0x17, 0x0D, 0x32, 0x35, 0x30, 0x31, 0x31, 0x30,
    0x32, 0x30, 0x30, 0x39, 0x31, 0x35, 0x5A, 0x30, 0x81, 0x91, 0x31, 0x0B, 0x30, 0x09, 0x06, 0x03,
    0x55, 0x04, 0x06, 0x13, 0x02, 0x55, 0x53, 0x31, 0x13, 0x30, 0x11, 0x06, 0x03, 0x55, 0x04, 0x08,
    0x13, 0x0A, 0x57, 0x61, 0x73, 0x68, 0x69, 0x6E, 0x67, 0x74, 0x6F, 0x6E, 0x31, 0x10, 0x30, 0x0E,
    0x06, 0x03, 0x55, 0x04, 0x07, 0x13, 0x07, 0x52, 0x65, 0x64, 0x6D, 0x6F, 0x6E, 0x64, 0x31, 0x1E,
    0x30, 0x1C, 0x06, 0x03, 0x55, 0x04, 0x0A, 0x13, 0x15, 0x4D, 0x69, 0x63, 0x72, 0x6F, 0x73, 0x6F,
    0x66, 0x74, 0x20, 0x43, 0x6F, 0x72, 0x70, 0x6F, 0x72, 0x61, 0x74, 0x69, 0x6F, 0x6E, 0x31, 0x3B,
    0x30, 0x39, 0x06, 0x03, 0x55, 0x04, 0x03, 0x13, 0x32, 0x4D, 0x69, 0x63, 0x72, 0x6F, 0x73, 0x6F,
    0x66, 0x74, 0x20, 0x57, 0x69, 0x6E, 0x64, 0x6F, 0x77, 0x73, 0x20, 0x48, 0x61, 0x72, 0x64, 0x77,
    0x61, 0x72, 0x65, 0x20, 0x43, 0x6F, 0x6D, 0x70, 0x61, 0x74, 0x69, 0x62, 0x69, 0x6C, 0x69, 0x74,
    0x79, 0x20, 0x50, 0x75, 0x62, 0x6C, 0x69, 0x73, 0x68, 0x65, 0x72, 0x30, 0x82, 0x01, 0x22, 0x30,
    0x0D, 0x06, 0x09, 0x2A, 0x86, 0x48, 0x86, 0xF7, 0x0D, 0x01, 0x01, 0x01, 0x05, 0x00, 0x03, 0x82,
    0x01, 0x0F, 0x00, 0x30, 0x82, 0x01, 0x0A, 0x02, 0x82, 0x01, 0x01, 0x00, 0xCB, 0x2E, 0xE4, 0xD7,
    0x93, 0xB9, 0x6E, 0xEC, 0x8B, 0xE0, 0xEF, 0xE8, 0x15, 0x2A, 0x12, 0x13, 0x66, 0x5C, 0x67, 0xC3,
    0x0A, 0x23, 0x65, 0x48, 0x5B, 0x50, 0x1E, 0x1B, 0x33, 0xCA, 0x5F, 0x4B, 0x35, 0x91, 0xCF, 0xA6,
    0x67, 0x81, 0x52, 0xCD, 0x55, 0xB8, 0x12, 0x5D, 0xE3, 0xC1, 0x10, 0x76, 0x76, 0x65, 0x2E, 0x27,
    0x0F, 0x4F, 0x46, 0xFA, 0xD9, 0xB1, 0x61, 0x53, 0x30, 0x2A, 0x8D, 0xED, 0x3F, 0xE7, 0x32, 0xF1,
    0x9E, 0x0A, 0xA6, 0xDC, 0xE5, 0xEF, 0xB4, 0xED, 0x58, 0x13, 0x1B, 0x0E, 0x40, 0x2B, 0xEA, 0x33,
    0x57, 0x0F, 0xCB, 0x4D, 0xE4, 0x8E, 0x23, 0x07, 0xD7, 0xEA, 0x1B, 0xFB, 0x62, 0x28, 0x30, 0xBE,
    0xA4, 0x57, 0x8F, 0x74, 0x48, 0xCE, 0xF6, 0xB9, 0x19, 0x84, 0xDB, 0x4C, 0x65, 0xE5, 0xA8, 0x81,
    0xF1, 0xB9, 0x76, 0x55, 0xDC, 0x91, 0x92, 0x73, 0x15, 0xEF, 0x4B, 0xB7, 0x4B, 0xA0, 0x78, 0x89,
    0x1A, 0x13, 0x6E, 0x46, 0x62, 0x2B, 0xE5, 0x26, 0x96, 0xC3, 0xBF, 0x95, 0x1C, 0x02, 0x15, 0x50,
    0x5C, 0xC1, 0x6D, 0x04, 0x70, 0x80, 0xCC, 0x14, 0xC5, 0x0D, 0x48, 0xFA, 0xC1, 0x7C, 0xC4, 0xBD,
    0x1A, 0x5E, 0x9A, 0xFC, 0xA2, 0x31, 0x5C, 0x4C, 0x4B, 0x98, 0x2A, 0x48, 0x69, 0x60, 0x28, 0x8D,
    0xB3, 0xF6, 0xAF, 0x7F, 0x8D, 0x96, 0x93, 0xC8, 0xED, 0xFC, 0xA3, 0x05, 0x1E, 0x21, 0x84, 0xBF,
    0xBE, 0xC0, 0xE5, 0x0D, 0xC3, 0x4B, 0x69, 0xCA, 0x95, 0xBD, 0xF2, 0x57, 0xD6, 0x0F, 0xAB, 0x25,
    0x0E, 0xF7, 0x5C, 0x57, 0x93, 0x4F, 0x88, 0x6C, 0x70, 0xB5, 0x0C, 0xD3, 0xC5, 0x37, 0x13, 0x09,
    0x52, 0x08, 0x34, 0xFD, 0x28, 0xEE, 0xD1, 0x49, 0x8A, 0xD7, 0x69, 0x33, 0x51, 0x24, 0x6F, 0xF6,
    0x3B, 0x60, 0x0F, 0xAA, 0xDF, 0xC8, 0x09, 0xB6, 0xA8, 0xFF, 0x83, 0xAD, 0x02, 0x03, 0x01, 0x00,
    0x01, 0xA3, 0x82, 0x01, 0xC1, 0x30, 0x82, 0x01, 0xBD, 0x30, 0x2C, 0x06, 0x03, 0x55, 0x1D, 0x25,
    0x04, 0x25, 0x30, 0x23, 0x06, 0x0A, 0x2B, 0x06, 0x01, 0x04, 0x01, 0x82, 0x37, 0x0A, 0x03, 0x05,
    0x06, 0x0B, 0x2B, 0x06, 0x01, 0x04, 0x01, 0x82, 0x37, 0x0A, 0x03, 0x05, 0x01, 0x06, 0x08, 0x2B,
    0x06, 0x01, 0x05, 0x05, 0x07, 0x03, 0x03, 0x30, 0x1D, 0x06, 0x03, 0x55, 0x1D, 0x0E, 0x04, 0x16,
    0x04, 0x14, 0xE3, 0x21, 0x34, 0x86, 0x9C, 0x20, 0x25, 0x14, 0xFD, 0x08, 0xCB, 0xAE, 0x36, 0xC1,
    0x80, 0xC9, 0x2B, 0xEB, 0x1C, 0x48, 0x30, 0x45, 0x06, 0x03, 0x55, 0x1D, 0x11, 0x04, 0x3E, 0x30,
    0x3C, 0xA4, 0x3A, 0x30, 0x38, 0x31, 0x1E, 0x30, 0x1C, 0x06, 0x03, 0x55, 0x04, 0x0B, 0x13, 0x15,
    0x4D, 0x69, 0x63, 0x72, 0x6F, 0x73, 0x6F, 0x66, 0x74, 0x20, 0x43, 0x6F, 0x72, 0x70, 0x6F, 0x72,
    0x61, 0x74, 0x69, 0x6F, 0x6E, 0x31, 0x16, 0x30, 0x14, 0x06, 0x03, 0x55, 0x04, 0x05, 0x13, 0x0D,
    0x32, 0x33, 0x32, 0x31, 0x34, 0x37, 0x2B, 0x35, 0x30, 0x31, 0x39, 0x33, 0x33, 0x30, 0x1F, 0x06,
    0x03, 0x55, 0x1D, 0x23, 0x04, 0x18, 0x30, 0x16, 0x80, 0x14, 0xC8, 0x3A, 0x9C, 0xA7, 0x4A, 0xC3,
    0x23, 0xF2, 0x25, 0x7E, 0xB9, 0xDA, 0xAB, 0x29, 0x53, 0x0E, 0x54, 0x00, 0xC3, 0xA1, 0x30, 0x74,
    0x06, 0x03, 0x55, 0x1D, 0x1F, 0x04, 0x6D, 0x30, 0x6B, 0x30, 0x69, 0xA0, 0x67, 0xA0, 0x65, 0x86,
    0x63, 0x68, 0x74, 0x74, 0x70, 0x3A, 0x2F, 0x2F, 0x77, 0x77, 0x77, 0x2E, 0x6D, 0x69, 0x63, 0x72,
    0x6F, 0x73, 0x6F, 0x66, 0x74, 0x2E, 0x63, 0x6F, 0x6D, 0x2F, 0x70, 0x6B, 0x69, 0x6F, 0x70, 0x73,
    0x2F, 0x63, 0x72, 0x6C, 0x2F, 0x4D, 0x69, 0x63, 0x72, 0x6F, 0x73, 0x6F, 0x66, 0x74, 0x25, 0x32,
    0x30, 0x57, 0x69, 0x6E, 0x64, 0x6F, 0x77, 0x73, 0x25, 0x32, 0x30, 0x54, 0x68, 0x69, 0x72, 0x64,
    0x25, 0x32, 0x30, 0x50, 0x61, 0x72, 0x74, 0x79, 0x25, 0x32, 0x30, 0x43, 0x6F, 0x6D, 0x70, 0x6F,
    0x6E, 0x65, 0x6E, 0x74, 0x25, 0x32, 0x30, 0x43, 0x41, 0x25, 0x32, 0x30, 0x32, 0x30, 0x31, 0x34,
    0x2E, 0x63, 0x72, 0x6C, 0x30, 0x81, 0x81, 0x06, 0x08, 0x2B, 0x06, 0x01, 0x05, 0x05, 0x07, 0x01,
    0x01, 0x04, 0x75, 0x30, 0x73, 0x30, 0x71, 0x06, 0x08, 0x2B, 0x06, 0x01, 0x05, 0x05, 0x07, 0x30,
    0x02, 0x86, 0x65, 0x68, 0x74, 0x74, 0x70, 0x3A, 0x2F, 0x2F, 0x77, 0x77, 0x77, 0x2E, 0x6D, 0x69,
    0x63, 0x72, 0x6F, 0x73, 0x6F, 0x66, 0x74, 0x2E, 0x63, 0x6F, 0x6D, 0x2F, 0x70, 0x6B, 0x69, 0x6F,
    0x70, 0x73, 0x2F, 0x63, 0x65, 0x72, 0x74, 0x73, 0x2F, 0x4D, 0x69, 0x63, 0x72, 0x6F, 0x73, 0x6F,
    0x66, 0x74, 0x25, 0x32, 0x30, 0x57, 0x69, 0x6E, 0x64, 0x6F, 0x77, 0x73, 0x25, 0x32, 0x30, 0x54,
    0x68, 0x69, 0x72, 0x64, 0x25, 0x32, 0x30, 0x50, 0x61, 0x72, 0x74, 0x79, 0x25, 0x32, 0x30, 0x43,
    0x6F, 0x6D, 0x70, 0x6F, 0x6E, 0x65, 0x6E, 0x74, 0x25, 0x32, 0x30, 0x43, 0x41, 0x25, 0x32, 0x30,
    0x32, 0x30, 0x31, 0x34, 0x2E, 0x63, 0x72, 0x74, 0x30, 0x0C, 0x06, 0x03, 0x55, 0x1D, 0x13, 0x01,
    0x01, 0xFF, 0x04, 0x02, 0x30, 0x00, 0x30, 0x0D, 0x06, 0x09, 0x2A, 0x86, 0x48, 0x86, 0xF7, 0x0D,
    0x01, 0x01, 0x0B, 0x05, 0x00, 0x03, 0x82, 0x02, 0x01, 0x00, 0x22, 0x8D, 0x55, 0xD2, 0xA1, 0x5B,
    0xD3, 0xCE, 0x2C, 0x6A, 0x38, 0x89, 0x8B, 0x66, 0xD5, 0x2B, 0xF7, 0x1D, 0x58, 0xBA, 0x49, 0xCD,
    0x58, 0x18, 0x49, 0x3F, 0xC1, 0x76, 0x00, 0x14, 0x6E, 0xD7, 0xF8, 0x94, 0x47, 0x01, 0xBB, 0x39,
    0xEA, 0x41, 0x27, 0xE9, 0x68, 0x71, 0x75, 0xF3, 0x5D, 0x9E, 0x89, 0x97, 0x3D, 0x45, 0x7D, 0x1D,
    0x61, 0xFE, 0xD4, 0xC9, 0x60, 0xC9, 0x87, 0x0D, 0xFD, 0x1B, 0xFE, 0x3F, 0xB7, 0x8A, 0x41, 0x60,
    0xA0, 0x54, 0x36, 0xCF, 0x50, 0xE6, 0x16, 0x69, 0x3B, 0x89, 0xE5, 0x42, 0x5B, 0x7A, 0x5A, 0x7F,
    0x59, 0xC6, 0xAE, 0x80, 0x45, 0x31, 0xB2, 0xA0, 0x0B, 0x02, 0xC6, 0x75, 0xFE, 0x83, 0x4B, 0x1C,
    0x42, 0x94, 0x41, 0xB8, 0x81, 0x51, 0x8C, 0x62, 0x5C, 0x1D, 0x55, 0xFF, 0x07, 0xA7, 0x0F, 0xF8,
    0x50, 0x7E, 0x6E, 0xB5, 0x3B, 0x43, 0xA3, 0xB7, 0x38, 0x34, 0x1B, 0x95, 0x25, 0x94, 0xDA, 0xEE,
    0x42, 0xC5, 0x4F, 0xFB, 0x55, 0x12, 0x6A, 0x04, 0x61, 0x1B, 0x70, 0x60, 0x1B, 0x02, 0xED, 0x44,
    0x05, 0xBE, 0xDD, 0x33, 0xFA, 0x0B, 0xC6, 0x0B, 0x23, 0x36, 0x3B, 0x39, 0x9D, 0x4F, 0xA0, 0xF1,
    0x46, 0xA1, 0x7A, 0x1B, 0x08, 0xB0, 0xA2, 0x6D, 0x22, 0x2A, 0x5B, 0x76, 0xC7, 0x9F, 0x78, 0x33,
    0x3D, 0xB8, 0x8D, 0x91, 0xF5, 0x1E, 0x1B, 0x42, 0xFF, 0x3D, 0x0C, 0x10, 0x25, 0x60, 0x3D, 0x50,
    0xEA, 0x72, 0x53, 0x5C, 0x1A, 0xFA, 0x86, 0x6A, 0x73, 0xA0, 0x5D, 0xEF, 0x70, 0x2F, 0x75, 0x26,
    0xEC, 0xE3, 0xEF, 0xE3, 0xA9, 0x26, 0xD7, 0x2D, 0x4C, 0x1D, 0xC6, 0xA4, 0xF1, 0x29, 0x71, 0x1E,
    0x29, 0xFB, 0x82, 0x55, 0xB2, 0xC4, 0xB2, 0x1B, 0x1F, 0xBB, 0x49, 0x7D, 0x07, 0x14, 0x04, 0xC2,
    0xFA, 0x91, 0x98, 0xD5, 0x83, 0x05, 0xF7, 0xC4, 0x99, 0xE6, 0x9B, 0xD5, 0xAE, 0x2C, 0xBC, 0xAD,
    0x01, 0x63, 0x76, 0xF5, 0xF9, 0x91, 0xBF, 0x58, 0x73, 0xB9, 0xA7, 0xF8, 0xD9, 0xC5, 0xF8, 0x94,
    0x56, 0xE7, 0xDA, 0x56, 0x26, 0x08, 0x23, 0xC4, 0xAC, 0x59, 0x9B, 0x64, 0xA8, 0xCB, 0x04, 0x04,
    0x76, 0x34, 0x24, 0x68, 0x75, 0xC1, 0x1F, 0x2E, 0x1F, 0x5E, 0xAA, 0x3C, 0xD7, 0x6A, 0xE5, 0x51,
    0x91, 0xA7, 0x3E, 0xE7, 0xBF, 0x84, 0xF0, 0xE1, 0x14, 0x16, 0x53, 0x25, 0x49, 0xFF, 0x72, 0xD4,
    0x92, 0x3F, 0x91, 0x4C, 0x26, 0x95, 0xBB, 0xF5, 0x8B, 0x0A, 0x6F, 0xED, 0x9E, 0x25, 0x80, 0xF5,
    0xA7, 0x9F, 0xA3, 0x61, 0x6F, 0x75, 0x3D, 0x91, 0x32, 0x8F, 0x9C, 0xE4, 0x5C, 0xBE, 0xD4, 0x5C,
    0xBA, 0x84, 0xDF, 0x4D, 0x3E, 0x7C, 0xDE, 0x35, 0x4D, 0x58, 0x54, 0x0F, 0x98, 0x3B, 0xEE, 0x53,
    0x2E, 0xA1, 0x41, 0xC6, 0x6C, 0x97, 0x4D, 0x00, 0xBD, 0x84, 0x8B, 0xA6, 0x75, 0x03, 0xEA, 0x49,
    0x2E, 0x16, 0x91, 0x4B, 0xAB, 0x4F, 0x95, 0x70, 0x04, 0xF5, 0x71, 0x5F, 0x6D, 0x36, 0x84, 0x0D,
    0x9B, 0xF9, 0xDF, 0xA1, 0x36, 0x77, 0xB7, 0xB8, 0xEA, 0xF0, 0x86, 0xCB, 0x04, 0xBB, 0xE4, 0x73,
    0x47, 0xF1, 0xEF, 0x4F, 0x67, 0x8A, 0x56, 0xB1, 0x46, 0xF4, 0xEC, 0x82, 0xA8, 0xEE, 0xEB, 0x7A,
    0x8D, 0xAB, 0x9D, 0x65, 0x56, 0xBD, 0x18, 0x09, 0x90, 0x97, 0x10, 0x93, 0xDF, 0x61, 0xF8, 0xFC,
    0x1B, 0xFD, 0xE2, 0x4B, 0x9A, 0xD0, 0xC6, 0xF9, 0x19, 0x47, 0x6B, 0xF7, 0x80, 0x66, 0x47, 0x78,
    0xAE, 0x99, 0x77, 0x0D, 0xC6, 0x10, 0x97, 0x71, 0x97, 0x9D, 0x6A, 0x50, 0xB1, 0xCF, 0x84, 0x74,
    0x87, 0x14, 0xD0, 0x11, 0xF3, 0x7C, 0xCD, 0x94, 0x6F, 0xB8, 0x3B, 0x3D, 0xCC, 0xD6, 0x55, 0xE3,
    0x47, 0x36, 0x59, 0x88, 0xCE, 0x24, 0x57, 0x8D, 0x41, 0x73, 0x30, 0x82, 0x07, 0x50, 0x30, 0x82,
    0x05, 0x38, 0xA0, 0x03, 0x02, 0x01, 0x02, 0x02, 0x13, 0x33, 0x00, 0x00, 0x00, 0x0D, 0x69, 0x0D,
    0x5D, 0x78, 0x93, 0xD0, 0x76, 0xDF, 0x00, 0x00, 0x00, 0x00, 0x00, 0x0D, 0x30, 0x0D, 0x06, 0x09,
    0x2A, 0x86, 0x48, 0x86, 0xF7, 0x0D, 0x01, 0x01, 0x0B, 0x05, 0x00, 0x30, 0x81, 0x88, 0x31, 0x0B,
    0x30, 0x09, 0x06, 0x03, 0x55, 0x04, 0x06, 0x13, 0x02, 0x55, 0x53, 0x31, 0x13, 0x30, 0x11, 0x06,
    0x03, 0x55, 0x04, 0x08, 0x13, 0x0A, 0x57, 0x61, 0x73, 0x68, 0x69, 0x6E, 0x67, 0x74, 0x6F, 0x6E,
    0x31, 0x10, 0x30, 0x0E, 0x06, 0x03, 0x55, 0x04, 0x07, 0x13, 0x07, 0x52, 0x65, 0x64, 0x6D, 0x6F,
    0x6E, 0x64, 0x31, 0x1E, 0x30, 0x1C, 0x06, 0x03, 0x55, 0x04, 0x0A, 0x13, 0x15, 0x4D, 0x69, 0x63,
    0x72, 0x6F, 0x73, 0x6F, 0x66, 0x74, 0x20, 0x43, 0x6F, 0x72, 0x70, 0x6F, 0x72, 0x61, 0x74, 0x69,
    0x6F, 0x6E, 0x31, 0x32, 0x30, 0x30, 0x06, 0x03, 0x55, 0x04, 0x03, 0x13, 0x29, 0x4D, 0x69, 0x63,
    0x72, 0x6F, 0x73, 0x6F, 0x66, 0x74, 0x20, 0x52, 0x6F, 0x6F, 0x74, 0x20, 0x43, 0x65, 0x72, 0x74,
    0x69, 0x66, 0x69, 0x63, 0x61, 0x74, 0x65, 0x20, 0x41, 0x75, 0x74, 0x68, 0x6F, 0x72, 0x69, 0x74,
    0x79, 0x20, 0x32, 0x30, 0x31, 0x30, 0x30, 0x1E, 0x17, 0x0D, 0x31, 0x34, 0x31, 0x30, 0x31, 0x35,
    0x32, 0x30, 0x33, 0x31, 0x32, 0x37, 0x5A, 0x17, 0x0D, 0x32, 0x39, 0x31, 0x30, 0x31, 0x35, 0x32,
    0x30, 0x34, 0x31, 0x32, 0x37, 0x5A, 0x30, 0x81, 0x8E, 0x31, 0x0B, 0x30, 0x09, 0x06, 0x03, 0x55,
    0x04, 0x06, 0x13, 0x02, 0x55, 0x53, 0x31, 0x13, 0x30, 0x11, 0x06, 0x03, 0x55, 0x04, 0x08, 0x13,
    0x0A, 0x57, 0x61, 0x73, 0x68, 0x69, 0x6E, 0x67, 0x74, 0x6F, 0x6E, 0x31, 0x10, 0x30, 0x0E, 0x06,
    0x03, 0x55, 0x04, 0x07, 0x13, 0x07, 0x52, 0x65, 0x64, 0x6D, 0x6F, 0x6E, 0x64, 0x31, 0x1E, 0x30,
    0x1C, 0x06, 0x03, 0x55, 0x04, 0x0A, 0x13, 0x15, 0x4D, 0x69, 0x63, 0x72, 0x6F, 0x73, 0x6F, 0x66,
    0x74, 0x20, 0x43, 0x6F, 0x72, 0x70, 0x6F, 0x72, 0x61, 0x74, 0x69, 0x6F, 0x6E, 0x31, 0x38, 0x30,
    0x36, 0x06, 0x03, 0x55, 0x04, 0x03, 0x13, 0x2F, 0x4D, 0x69, 0x63, 0x72, 0x6F, 0x73, 0x6F, 0x66,
    0x74, 0x20, 0x57, 0x69, 0x6E, 0x64, 0x6F, 0x77, 0x73, 0x20, 0x54, 0x68, 0x69, 0x72, 0x64, 0x20,
    0x50, 0x61, 0x72, 0x74, 0x79, 0x20, 0x43, 0x6F, 0x6D, 0x70, 0x6F, 0x6E, 0x65, 0x6E, 0x74, 0x20,
    0x43, 0x41, 0x20, 0x32, 0x30, 0x31, 0x34, 0x30, 0x82, 0x02, 0x22, 0x30, 0x0D, 0x06, 0x09, 0x2A,
    0x86, 0x48, 0x86, 0xF7, 0x0D, 0x01, 0x01, 0x01, 0x05, 0x00, 0x03, 0x82, 0x02, 0x0F, 0x00, 0x30,
    0x82, 0x02, 0x0A, 0x02, 0x82, 0x02, 0x01, 0x00, 0xCB, 0x5F, 0x1E, 0xAB, 0x51, 0xF4, 0xD3, 0x7D,
    0x61, 0x2D, 0xD2, 0x19, 0x9A, 0xBD, 0x25, 0xFD, 0x97, 0x5C, 0x75, 0xCD, 0xCC, 0x23, 0xB0, 0x99,
    0x55, 0xF2, 0xB9, 0x80, 0x03, 0x36, 0x6A, 0x6F, 0x80, 0xC6, 0x0C, 0xB5, 0xBA, 0x3C, 0x27, 0x45,
    0x04, 0x06, 0x15, 0x6B, 0xAD, 0x0E, 0xDE, 0x7E, 0x47, 0xAE, 0x38, 0x03, 0x73, 0x6B, 0x3D, 0x28,
    0x13, 0x0D, 0x24, 0x2C, 0x2F, 0x39, 0x18, 0x48, 0xA7, 0x46, 0x5E, 0x08, 0xA9, 0xC4, 0x53, 0x60,
    0xC9, 0x8C, 0x30, 0xA3, 0xC6, 0x7D, 0x63, 0x21, 0x46, 0xE0, 0x08, 0x93, 0x2F, 0xB8, 0x95, 0x97,
    0x6F, 0x29, 0xFF, 0x79, 0xD8, 0x8E, 0x97, 0x39, 0xC8, 0x33, 0xA3, 0x57, 0x1E, 0x30, 0x72, 0x14,
    0xEE, 0xB7, 0x7A, 0x7F, 0xFF, 0x59, 0xDB, 0x35, 0xD0, 0x75, 0xE9, 0xC9, 0xB2, 0x72, 0x9D, 0x56,
    0xC1, 0xCB, 0xB7, 0x2C, 0xB7, 0xC7, 0x9B, 0x1E, 0x2F, 0x6B, 0x9D, 0xE0, 0x49, 0x3A, 0x1B, 0xF4,
    0x39, 0xD3, 0xBD, 0xA8, 0x0B, 0xA7, 0x69, 0x99, 0x5B, 0x13, 0x1C, 0x4E, 0x67, 0x09, 0x37, 0xAE,
    0xA0, 0xA8, 0x26, 0x65, 0x5A, 0xBA, 0x7F, 0xAD, 0xBB, 0x49, 0xCA, 0x89, 0x06, 0x67, 0x22, 0xC5,
    0xE8, 0x92, 0x1B, 0x19, 0x8F, 0x02, 0x71, 0x1F, 0x5B, 0xC1, 0x74, 0x24, 0x06, 0xAC, 0xE8, 0x7A,
    0x28, 0xA9, 0x68, 0x83, 0xA4, 0x42, 0xBC, 0x2F, 0x24, 0x7E, 0x81, 0xF1, 0x7F, 0x27, 0x64, 0x8F,
    0x70, 0x67, 0x68, 0xC3, 0x72, 0xFB, 0x69, 0xD7, 0xE5, 0xF0, 0x0E, 0x2C, 0x22, 0x33, 0xE4, 0x1B,
    0xC7, 0x1B, 0xD7, 0x25, 0x4D, 0x2F, 0xFC, 0x76, 0xFB, 0x31, 0x7C, 0xF2, 0x98, 0x9F, 0x8E, 0x1F,
    0x6A, 0x99, 0x60, 0xAB, 0xBF, 0xF1, 0x32, 0x0F, 0xCA, 0xFD, 0x33, 0x48, 0x9D, 0x59, 0x5C, 0x58,
    0xAD, 0xE2, 0x3D, 0x29, 0x78, 0x28, 0x30, 0x74, 0xC8, 0x35, 0x4E, 0xF2, 0xEF, 0x96, 0x18, 0x5A,
    0xDB, 0x60, 0xA8, 0xBE, 0xE7, 0xFD, 0x9A, 0xAC, 0xF9, 0xC0, 0x3D, 0xE3, 0x7D, 0x4E, 0x4A, 0xCF,
    0x0B, 0x65, 0xDF, 0x21, 0xA4, 0x71, 0xE4, 0x22, 0x22, 0x83, 0xF2, 0x53, 0x60, 0x52, 0x8E, 0x51,
    0x81, 0x3A, 0x35, 0xA0, 0xEA, 0xE9, 0xFC, 0xC1, 0x75, 0xE0, 0x85, 0xC2, 0x06, 0x43, 0x2C, 0x93,
    0x0E, 0xD3, 0xB7, 0x62, 0xAF, 0x52, 0x27, 0x35, 0x73, 0x3F, 0xDB, 0x11, 0xA4, 0x49, 0xF9, 0xBB,
    0xE3, 0xDF, 0x3F, 0x95, 0xD9, 0xF9, 0xD4, 0x93, 0xE8, 0x70, 0xD9, 0xAC, 0x5B, 0x08, 0x0C, 0x49,
    0x31, 0x73, 0x5F, 0xC6, 0x53, 0x2C, 0x9B, 0x09, 0x75, 0x48, 0x44, 0x33, 0x49, 0x99, 0x77, 0x30,
    0x22, 0x11, 0x81, 0xD4, 0x10, 0x56, 0x56, 0x2E, 0x24, 0xDC, 0x8C, 0xC4, 0x9B, 0xB4, 0x15, 0xA3,
    0x61, 0x8A, 0xD8, 0xC4, 0xEF, 0xE5, 0xCD, 0x44, 0xFB, 0xAD, 0x74, 0xE8, 0x03, 0xA2, 0x6D, 0x69,
    0xC0, 0x93, 0xA7, 0x76, 0xBF, 0x16, 0xD9, 0x79, 0x51, 0xB2, 0xA8, 0x10, 0x90, 0x01, 0xDC, 0x87,
    0x36, 0x3E, 0x51, 0xAB, 0x71, 0xD9, 0xD1, 0x4E, 0x95, 0x8E, 0xE6, 0xD8, 0x5B, 0xF3, 0xA9, 0x35,
    0x70, 0x87, 0x09, 0x3B, 0x8C, 0x55, 0xF0, 0xD5, 0x73, 0x35, 0x71, 0x14, 0xFE, 0x6B, 0x0E, 0x56,
    0x15, 0xB3, 0x6B, 0x34, 0xBF, 0x74, 0x05, 0xEE, 0xA0, 0x3B, 0x6D, 0xF8, 0x6E, 0x31, 0x12, 0xE2,
    0x47, 0xF4, 0x4B, 0xE7, 0xB7, 0x49, 0x0D, 0xEB, 0x65, 0xCB, 0xA1, 0x23, 0x84, 0xA4, 0x7B, 0x5B,
    0xF1, 0xE2, 0xFD, 0x64, 0x69, 0xCE, 0xB3, 0x1F, 0x1B, 0x5B, 0x9F, 0x68, 0xF0, 0x75, 0x22, 0x78,
    0x6F, 0xA8, 0x39, 0xCB, 0xF0, 0xFE, 0xE4, 0xA6, 0x67, 0xB9, 0x0B, 0x46, 0x71, 0xFE, 0x7A, 0x7E,
    0x75, 0x13, 0x3E, 0x57, 0xE1, 0x56, 0x50, 0x9D, 0x02, 0x03, 0x01, 0x00, 0x01, 0xA3, 0x82, 0x01,
    0xA9, 0x30, 0x82, 0x01, 0xA5, 0x30, 0x10, 0x06, 0x09, 0x2B, 0x06, 0x01, 0x04, 0x01, 0x82, 0x37,
    0x15, 0x01, 0x04, 0x03, 0x02, 0x01, 0x00, 0x30, 0x1D, 0x06, 0x03, 0x55, 0x1D, 0x0E, 0x04, 0x16,
    0x04, 0x14, 0xC8, 0x3A, 0x9C, 0xA7, 0x4A, 0xC3, 0x23, 0xF2, 0x25, 0x7E, 0xB9, 0xDA, 0xAB, 0x29,
    0x53, 0x0E, 0x54, 0x00, 0xC3, 0xA1, 0x30, 0x64, 0x06, 0x03, 0x55, 0x1D, 0x20, 0x04, 0x5D, 0x30,
    0x5B, 0x30, 0x06, 0x06, 0x04, 0x55, 0x1D, 0x20, 0x00, 0x30, 0x51, 0x06, 0x0C, 0x2B, 0x06, 0x01,
    0x04, 0x01, 0x82, 0x37, 0x4C, 0x83, 0x7D, 0x01, 0x01, 0x30, 0x41, 0x30, 0x3F, 0x06, 0x08, 0x2B,
    0x06, 0x01, 0x05, 0x05, 0x07, 0x02, 0x01, 0x16, 0x33, 0x68, 0x74, 0x74, 0x70, 0x3A, 0x2F, 0x2F,
    0x77, 0x77, 0x77, 0x2E, 0x6D, 0x69, 0x63, 0x72, 0x6F, 0x73, 0x6F, 0x66, 0x74, 0x2E, 0x63, 0x6F,
    0x6D, 0x2F, 0x70, 0x6B, 0x69, 0x6F, 0x70, 0x73, 0x2F, 0x44, 0x6F, 0x63, 0x73, 0x2F, 0x52, 0x65,
    0x70, 0x6F, 0x73, 0x69, 0x74, 0x6F, 0x72, 0x79, 0x2E, 0x68, 0x74, 0x6D, 0x30, 0x19, 0x06, 0x09,
    0x2B, 0x06, 0x01, 0x04, 0x01, 0x82, 0x37, 0x14, 0x02, 0x04, 0x0C, 0x1E, 0x0A, 0x00, 0x53, 0x00,
    0x75, 0x00, 0x62, 0x00, 0x43, 0x00, 0x41, 0x30, 0x0B, 0x06, 0x03, 0x55, 0x1D, 0x0F, 0x04, 0x04,
    0x03, 0x02, 0x01, 0x86, 0x30, 0x0F, 0x06, 0x03, 0x55, 0x1D, 0x13, 0x01, 0x01, 0xFF, 0x04, 0x05,
    0x30, 0x03, 0x01, 0x01, 0xFF, 0x30, 0x1F, 0x06, 0x03, 0x55, 0x1D, 0x23, 0x04, 0x18, 0x30, 0x16,
    0x80, 0x14, 0xD5, 0xF6, 0x56, 0xCB, 0x8F, 0xE8, 0xA2, 0x5C, 0x62, 0x68, 0xD1, 0x3D, 0x94, 0x90,
    0x5B, 0xD7, 0xCE, 0x9A, 0x18, 0xC4, 0x30, 0x56, 0x06, 0x03, 0x55, 0x1D, 0x1F, 0x04, 0x4F, 0x30,
    0x4D, 0x30, 0x4B, 0xA0, 0x49, 0xA0, 0x47, 0x86, 0x45, 0x68, 0x74, 0x74, 0x70, 0x3A, 0x2F, 0x2F,
    0x63, 0x72, 0x6C, 0x2E, 0x6D, 0x69, 0x63, 0x72, 0x6F, 0x73, 0x6F, 0x66, 0x74, 0x2E, 0x63, 0x6F,
    0x6D, 0x2F, 0x70, 0x6B, 0x69, 0x2F, 0x63, 0x72, 0x6C, 0x2F, 0x70, 0x72, 0x6F, 0x64, 0x75, 0x63,
    0x74, 0x73, 0x2F, 0x4D, 0x69, 0x63, 0x52, 0x6F, 0x6F, 0x43, 0x65, 0x72, 0x41, 0x75, 0x74, 0x5F,
    0x32, 0x30, 0x31, 0x30, 0x2D, 0x30, 0x36, 0x2D, 0x32, 0x33, 0x2E, 0x63, 0x72, 0x6C, 0x30, 0x5A,
    0x06, 0x08, 0x2B, 0x06, 0x01, 0x05, 0x05, 0x07, 0x01, 0x01, 0x04, 0x4E, 0x30, 0x4C, 0x30, 0x4A,
    0x06, 0x08, 0x2B, 0x06, 0x01, 0x05, 0x05, 0x07, 0x30, 0x02, 0x86, 0x3E, 0x68, 0x74, 0x74, 0x70,
    0x3A, 0x2F, 0x2F, 0x77, 0x77, 0x77, 0x2E, 0x6D, 0x69, 0x63, 0x72, 0x6F, 0x73, 0x6F, 0x66, 0x74,
    0x2E, 0x63, 0x6F, 0x6D, 0x2F, 0x70, 0x6B, 0x69, 0x2F, 0x63, 0x65, 0x72, 0x74, 0x73, 0x2F, 0x4D,
    0x69, 0x63, 0x52, 0x6F, 0x6F, 0x43, 0x65, 0x72, 0x41, 0x75, 0x74, 0x5F, 0x32, 0x30, 0x31, 0x30,
    0x2D, 0x30, 0x36, 0x2D, 0x32, 0x33, 0x2E, 0x63, 0x72, 0x74, 0x30, 0x0D, 0x06, 0x09, 0x2A, 0x86,
    0x48, 0x86, 0xF7, 0x0D, 0x01, 0x01, 0x0B, 0x05, 0x00, 0x03, 0x82, 0x02, 0x01, 0x00, 0x96, 0xB5,
    0xC3, 0x3B, 0x31, 0xF2, 0x7B, 0x6B, 0xA1, 0x1F, 0x59, 0xDD, 0x74, 0x2C, 0x37, 0x64, 0xB1, 0xBC,
    0xA0, 0x93, 0xF9, 0xF3, 0x33, 0x47, 0xE9, 0xF9, 0x5D, 0xF2, 0x1D, 0x89, 0xF4, 0x57, 0x9E, 0xE3,
    0x3F, 0x10, 0xA3, 0x59, 0x50, 0x18, 0x05, 0x3B, 0x14, 0x29, 0x41, 0xB6, 0xA7, 0x0E, 0x5B, 0x81,
    0xA2, 0xCC, 0xBD, 0x84, 0x42, 0xC1, 0xC4, 0xBE, 0xD1, 0x84, 0xC2, 0xC4, 0xBD, 0x0C, 0x8C, 0x47,
    0xBC, 0xBD, 0x88, 0x86, 0xFB, 0x5A, 0x08, 0x96, 0xAE, 0x2C, 0x2F, 0xDF, 0xBF, 0x93, 0x66, 0xA3,
    0x2B, 0x20, 0xCA, 0x84, 0x8A, 0x69, 0x45, 0x27, 0x3F, 0x73, 0x23, 0x32, 0x93, 0x6A, 0x23, 0xE9,
    0xFF, 0xFD, 0xD9, 0x18, 0xED, 0xCE, 0xFF, 0xBD, 0x6B, 0x41, 0x73, 0x8D, 0x57, 0x9C, 0xF8, 0xB4,
    0x6D, 0x49, 0x98, 0x05, 0xE6, 0xA3, 0x35, 0xA9, 0xF0, 0x7E, 0x6E, 0x86, 0xC0, 0x6B, 0xA8, 0x08,
    0x67, 0x25, 0xAF, 0xC0, 0x99, 0x8C, 0xDB, 0xA7, 0x06, 0x4D, 0x40, 0x93, 0x18, 0x8B, 0xA9, 0x59,
    0xE6, 0x99, 0x14, 0xB9, 0x12, 0x17, 0x81, 0x44, 0xAC, 0x57, 0xC3, 0xAE, 0x8E, 0xAE, 0x94, 0x7B,
    0xCB, 0x3B, 0x8E, 0xDD, 0x7A, 0xB4, 0x71, 0x5B, 0xBA, 0x2B, 0xC3, 0xC7, 0xD0, 0x85, 0x23, 0x4B,
    0x37, 0x12, 0x77, 0xA5, 0x4A, 0x2F, 0x7F, 0x1A, 0xB7, 0x63, 0xB9, 0x44, 0x59, 0xED, 0x92, 0x30,
    0xCC, 0xE4, 0x7C, 0x09, 0x92, 0x12, 0x11, 0x1F, 0x52, 0xF5, 0x1E, 0x02, 0x91, 0xA4, 0xD7, 0xD7,
    0xE5, 0x8F, 0x80, 0x47, 0xFF, 0x18, 0x9B, 0x7F, 0xD1, 0x9C, 0x06, 0x71, 0xDC, 0xF3, 0x76, 0x19,
    0x77, 0x90, 0xD5, 0x2A, 0x0F, 0xBC, 0x6C, 0x12, 0xC4, 0xC5, 0x0C, 0x20, 0x66, 0xF5, 0x0E, 0x2F,
    0x50, 0x93, 0xD8, 0xCA, 0xFB, 0x7F, 0xE5, 0x56, 0xED, 0x09, 0xD8, 0xA7, 0x53, 0xB1, 0xC7, 0x2A,
    0x69, 0x78, 0xDC, 0xF0, 0x5F, 0xE7, 0x4B, 0x20, 0xB6, 0xAF, 0x63, 0xB5, 0xE1, 0xB1, 0x5C, 0x80,
    0x4E, 0x9C, 0x7A, 0xA9, 0x1D, 0x4D, 0xF7, 0x28, 0x46, 0x78, 0x21, 0x06, 0x95, 0x4D, 0x32, 0xDD,
    0x60, 0x42, 0xE4, 0xB6, 0x1A, 0xC4, 0xF2, 0x46, 0x36, 0xDE, 0x35, 0x73, 0x02, 0xC1, 0xB5, 0xE5,
    0x5F, 0xB9, 0x2B, 0x59, 0x45, 0x7A, 0x92, 0x43, 0xD7, 0xC4, 0xE9, 0x63, 0xDD, 0x36, 0x8F, 0x76,
    0xC7, 0x28, 0xCA, 0xA8, 0x44, 0x1B, 0xE8, 0x32, 0x1A, 0x66, 0xCD, 0xE5, 0x48, 0x5C, 0x4A, 0x0A,
    0x60, 0x2B, 0x46, 0x92, 0x06, 0x60, 0x96, 0x98, 0xDC, 0xD9, 0x33, 0xD7, 0x21, 0x77, 0x7F, 0x88,
    0x6D, 0xAC, 0x47, 0x72, 0xDA, 0xA2, 0x46, 0x6E, 0xAB, 0x64, 0x68, 0x2B, 0xD2, 0x4E, 0x98, 0xFB,
    0x35, 0xCC, 0x7F, 0xEC, 0x3F, 0x13, 0x6D, 0x11, 0xE5, 0xDB, 0x77, 0xED, 0xC1, 0xC3, 0x7E, 0x1F,
    0x6A, 0x4A, 0x14, 0xF8, 0xB4, 0xA7, 0x21, 0xC6, 0x71, 0x86, 0x67, 0x70, 0xCD, 0xD8, 0x19, 0xA3,
    0x5D, 0x1F, 0xA0, 0x9B, 0x9A, 0x7C, 0xC5, 0x5D, 0x4D, 0x72, 0x8E, 0x74, 0x07, 0x7F, 0xA7, 0x4D,
    0x00, 0xFC, 0xDD, 0x68, 0x24, 0x12, 0x77, 0x2A, 0x55, 0x75, 0x27, 0xCD, 0xA9, 0x2C, 0x1D, 0x8E,
    0x7C, 0x19, 0xEE, 0x69, 0x2C, 0x9F, 0x74, 0x25, 0x33, 0x82, 0x08, 0xDB, 0x38, 0xCC, 0x7C, 0xC7,
    0x4F, 0x6C, 0x3A, 0x6B, 0xC2, 0x37, 0x11, 0x78, 0x72, 0xFE, 0x55, 0x59, 0x64, 0x60, 0x33, 0x3E,
    0x2E, 0xDF, 0xC4, 0x2D, 0xE7, 0x2C, 0xD7, 0xFB, 0x0A, 0x82, 0x25, 0x6F, 0xB8, 0xD7, 0x0C, 0x84,
    0xA5, 0xE1, 0xC4, 0x74, 0x6E, 0x2A, 0x95, 0x32, 0x9E, 0xA0, 0xFE, 0xCD, 0xB4, 0x18, 0x8F, 0xD3,
    0x3B, 0xAD, 0x32, 0xB2, 0xB1, 0x9A, 0xB8, 0x6D, 0x05, 0x43, 0xFB, 0xFF, 0x0D, 0x0F, 0x31, 0x82,
    0x1A, 0x6B, 0x30, 0x82, 0x1A, 0x67, 0x02, 0x01, 0x01, 0x30, 0x81, 0xA6, 0x30, 0x81, 0x8E, 0x31,
    0x0B, 0x30, 0x09, 0x06, 0x03, 0x55, 0x04, 0x06, 0x13, 0x02, 0x55, 0x53, 0x31, 0x13, 0x30, 0x11,
    0x06, 0x03, 0x55, 0x04, 0x08, 0x13, 0x0A, 0x57, 0x61, 0x73, 0x68, 0x69, 0x6E, 0x67, 0x74, 0x6F,
    0x6E, 0x31, 0x10, 0x30, 0x0E, 0x06, 0x03, 0x55, 0x04, 0x07, 0x13, 0x07, 0x52, 0x65, 0x64, 0x6D,
    0x6F, 0x6E, 0x64, 0x31, 0x1E, 0x30, 0x1C, 0x06, 0x03, 0x55, 0x04, 0x0A, 0x13, 0x15, 0x4D, 0x69,
    0x63, 0x72, 0x6F, 0x73, 0x6F, 0x66, 0x74, 0x20, 0x43, 0x6F, 0x72, 0x70, 0x6F, 0x72, 0x61, 0x74,
    0x69, 0x6F, 0x6E, 0x31, 0x38, 0x30, 0x36, 0x06, 0x03, 0x55, 0x04, 0x03, 0x13, 0x2F, 0x4D, 0x69,
    0x63, 0x72, 0x6F, 0x73, 0x6F, 0x66, 0x74, 0x20, 0x57, 0x69, 0x6E, 0x64, 0x6F, 0x77, 0x73, 0x20,
    0x54, 0x68, 0x69, 0x72, 0x64, 0x20, 0x50, 0x61, 0x72, 0x74, 0x79, 0x20, 0x43, 0x6F, 0x6D, 0x70,
    0x6F, 0x6E, 0x65, 0x6E, 0x74, 0x20, 0x43, 0x41, 0x20, 0x32, 0x30, 0x31, 0x34, 0x02, 0x13, 0x33,
    0x00, 0x00, 0x00, 0x69, 0x9D, 0x42, 0xC9, 0x76, 0x75, 0xB5, 0x08, 0x82, 0x00, 0x00, 0x00, 0x00,
    0x00, 0x69, 0x30, 0x0D, 0x06, 0x09, 0x60, 0x86, 0x48, 0x01, 0x65, 0x03, 0x04, 0x02, 0x01, 0x05,
    0x00, 0xA0, 0x81, 0xE2, 0x30, 0x19, 0x06, 0x09, 0x2A, 0x86, 0x48, 0x86, 0xF7, 0x0D, 0x01, 0x09,
    0x03, 0x31, 0x0C, 0x06, 0x0A, 0x2B, 0x06, 0x01, 0x04, 0x01, 0x82, 0x37, 0x02, 0x01, 0x04, 0x30,
    0x1C, 0x06, 0x0A, 0x2B, 0x06, 0x01, 0x04, 0x01, 0x82, 0x37, 0x02, 0x01, 0x0B, 0x31, 0x0E, 0x30,
    0x0C, 0x06, 0x0A, 0x2B, 0x06, 0x01, 0x04, 0x01, 0x82, 0x37, 0x02, 0x01, 0x15, 0x30, 0x2F, 0x06,
    0x09, 0x2A, 0x86, 0x48, 0x86, 0xF7, 0x0D, 0x01, 0x09, 0x04, 0x31, 0x22, 0x04, 0x20, 0xC3, 0xE3,
    0x17, 0x19, 0x2C, 0xC0, 0x12, 0x60, 0xA0, 0xCF, 0x5A, 0xA7, 0xB5, 0xCC, 0x25, 0xFA, 0x23, 0x3D,
    0xE8, 0x92, 0xE9, 0xDE, 0xD0, 0x34, 0x11, 0x83, 0xA4, 0xB6, 0xEF, 0xC8, 0xB1, 0x17, 0x30, 0x76,
    0x06, 0x0A, 0x2B, 0x06, 0x01, 0x04, 0x01, 0x82, 0x37, 0x02, 0x01, 0x0C, 0x31, 0x68, 0x30, 0x66,
    0xA0, 0x38, 0x80, 0x36, 0x00, 0x42, 0x00, 0x49, 0x00, 0x4F, 0x00, 0x53, 0x00, 0x54, 0x00, 0x41,
    0x00, 0x52, 0x00, 0x20, 0x00, 0x4D, 0x00, 0x49, 0x00, 0x43, 0x00, 0x52, 0x00, 0x4F, 0x00, 0x54,
    0x00, 0x45, 0x00, 0x43, 0x00, 0x48, 0x00, 0x20, 0x00, 0x49, 0x00, 0x4E, 0x00, 0x54, 0x00, 0x4C,
    0x00, 0x20, 0x00, 0x43, 0x00, 0x4F, 0x00, 0x52, 0x00, 0x50, 0xA1, 0x2A, 0x80, 0x28, 0x68, 0x74,
    0x74, 0x70, 0x73, 0x3A, 0x2F, 0x2F, 0x77, 0x77, 0x77, 0x2E, 0x6D, 0x69, 0x63, 0x72, 0x6F, 0x73,
    0x6F, 0x66, 0x74, 0x2E, 0x63, 0x6F, 0x6D, 0x2F, 0x65, 0x6E, 0x2D, 0x75, 0x73, 0x2F, 0x77, 0x69,
    0x6E, 0x64, 0x6F, 0x77, 0x73, 0x20, 0x30, 0x0D, 0x06, 0x09, 0x2A, 0x86, 0x48, 0x86, 0xF7, 0x0D,
    0x01, 0x01, 0x01, 0x05, 0x00, 0x04, 0x82, 0x01, 0x00, 0xAF, 0x42, 0x06, 0x28, 0xB9, 0xAB, 0x36,
    0xD2, 0x59, 0x98, 0xE4, 0x50, 0xE2, 0xF7, 0x34, 0x62, 0x3E, 0x8F, 0xB7, 0xAC, 0x7A, 0x18, 0x76,
    0xB7, 0x1C, 0x20, 0xB1, 0xEE, 0x70, 0xC6, 0x13, 0xEB, 0x8B, 0x23, 0x0D, 0xC3, 0x8A, 0x87, 0xB1,
    0x9A, 0xF3, 0xE1, 0xF4, 0x41, 0x5E, 0xE8, 0xE4, 0x4D, 0xE4, 0xEB, 0x44, 0x36, 0x2E, 0xEB, 0x12,
    0x4D, 0x34, 0xF1, 0xC5, 0xFF, 0x2A, 0x5E, 0xAD, 0x54, 0x68, 0x89, 0xEB, 0xEB, 0x19, 0x42, 0x47,
    0x08, 0x5F, 0x88, 0x1F, 0x37, 0x0F, 0xC9, 0x65, 0xE0, 0x8A, 0x86, 0x63, 0x1F, 0x38, 0xC0, 0xD2,
    0x2A, 0x6D, 0xE5, 0x82, 0x26, 0x72, 0xBF, 0x9A, 0x25, 0x21, 0x0F, 0x38, 0xD7, 0xFA, 0x92, 0xF4,
    0x9D, 0xBD, 0xB9, 0x88, 0xE1, 0xD5, 0xED, 0x10, 0xDA, 0xDD, 0xCC, 0x48, 0x88, 0x66, 0x95, 0x6B,
    0xCD, 0xBF, 0x79, 0x21, 0x2C, 0x2D, 0x88, 0x95, 0x34, 0xEA, 0xF6, 0xC2, 0x46, 0xAB, 0xC8, 0x14,
    0x9F, 0x03, 0x17, 0x7D, 0x80, 0x1F, 0xE1, 0x5C, 0x91, 0xB3, 0x7F, 0x53, 0x1F, 0xCB, 0xC0, 0xDD,
    0x35, 0x93, 0xAB, 0xF5, 0x5C, 0xEC, 0x81, 0x15, 0x7B, 0xEE, 0xF0, 0x4D, 0x39, 0x1C, 0xA3, 0x90,
    0x4F, 0xD4, 0x11, 0xBF, 0x75, 0x7D, 0xC0, 0xAD, 0x21, 0xEB, 0x73, 0x08, 0x4C, 0x51, 0xE6, 0xDD,
    0x8E, 0x32, 0xD5, 0x60, 0x66, 0x57, 0xE7, 0x7F, 0x63, 0x1D, 0x0E, 0x12, 0xB1, 0xD0, 0x5A, 0x59,
    0xDC, 0x1F, 0xE2, 0x68, 0x10, 0xAD, 0xEB, 0xA3, 0xFF, 0x69, 0x75, 0x5B, 0xAC, 0x2F, 0x29, 0xD7,
    0xE9, 0x2D, 0x6B, 0xE2, 0x61, 0xAD, 0x85, 0xFB, 0xD5, 0xAC, 0x0F, 0x5D, 0x5A, 0xF2, 0x3A, 0x43,
    0xC6, 0x74, 0x82, 0xA5, 0xFB, 0xB5, 0x24, 0xEC, 0xF4, 0x02, 0x31, 0x51, 0x32, 0x29, 0xEA, 0xF5,
    0xE6, 0x0E, 0x9B, 0x4B, 0x6C, 0x34, 0x93, 0xD2, 0x0E, 0xA1, 0x82, 0x17, 0xB0, 0x30, 0x82, 0x17,
    0xAC, 0x06, 0x0A, 0x2B, 0x06, 0x01, 0x04, 0x01, 0x82, 0x37, 0x03, 0x03, 0x01, 0x31, 0x82, 0x17,
    0x9C, 0x30, 0x82, 0x17, 0x98, 0x06, 0x09, 0x2A, 0x86, 0x48, 0x86, 0xF7, 0x0D, 0x01, 0x07, 0x02,
    0xA0, 0x82, 0x17, 0x89, 0x30, 0x82, 0x17, 0x85, 0x02, 0x01, 0x03, 0x31, 0x0F, 0x30, 0x0D, 0x06,
    0x09, 0x60, 0x86, 0x48, 0x01, 0x65, 0x03, 0x04, 0x02, 0x01, 0x05, 0x00, 0x30, 0x82, 0x01, 0x5A,
    0x06, 0x0B, 0x2A, 0x86, 0x48, 0x86, 0xF7, 0x0D, 0x01, 0x09, 0x10, 0x01, 0x04, 0xA0, 0x82, 0x01,
    0x49, 0x04, 0x82, 0x01, 0x45, 0x30, 0x82, 0x01, 0x41, 0x02, 0x01, 0x01, 0x06, 0x0A, 0x2B, 0x06,
    0x01, 0x04, 0x01, 0x84, 0x59, 0x0A, 0x03, 0x01, 0x30, 0x31, 0x30, 0x0D, 0x06, 0x09, 0x60, 0x86,
    0x48, 0x01, 0x65, 0x03, 0x04, 0x02, 0x01, 0x05, 0x00, 0x04, 0x20, 0x6B, 0x23, 0x58, 0x22, 0x62,
    0x74, 0xEF, 0xA8, 0xA4, 0x3B, 0x09, 0x56, 0xFE, 0x69, 0x49, 0xCB, 0x78, 0x34, 0x3B, 0x8E, 0xBB,
    0x03, 0xC4, 0x6B, 0xCC, 0x39, 0x8B, 0xF7, 0x55, 0x48, 0xAB, 0xDC, 0x02, 0x06, 0x66, 0xEB, 0x58,
    0x8B, 0x35, 0xAD, 0x18, 0x13, 0x32, 0x30, 0x32, 0x34, 0x31, 0x30, 0x31, 0x30, 0x30, 0x32, 0x32,
    0x32, 0x30, 0x31, 0x2E, 0x32, 0x37, 0x32, 0x5A, 0x30, 0x04, 0x80, 0x02, 0x01, 0xF4, 0xA0, 0x81,
    0xD9, 0xA4, 0x81, 0xD6, 0x30, 0x81, 0xD3, 0x31, 0x0B, 0x30, 0x09, 0x06, 0x03, 0x55, 0x04, 0x06,
    0x13, 0x02, 0x55, 0x53, 0x31, 0x13, 0x30, 0x11, 0x06, 0x03, 0x55, 0x04, 0x08, 0x13, 0x0A, 0x57,
    0x61, 0x73, 0x68, 0x69, 0x6E, 0x67, 0x74, 0x6F, 0x6E, 0x31, 0x10, 0x30, 0x0E, 0x06, 0x03, 0x55,
    0x04, 0x07, 0x13, 0x07, 0x52, 0x65, 0x64, 0x6D, 0x6F, 0x6E, 0x64, 0x31, 0x1E, 0x30, 0x1C, 0x06,
    0x03, 0x55, 0x04, 0x0A, 0x13, 0x15, 0x4D, 0x69, 0x63, 0x72, 0x6F, 0x73, 0x6F, 0x66, 0x74, 0x20,
    0x43, 0x6F, 0x72, 0x70, 0x6F, 0x72, 0x61, 0x74, 0x69, 0x6F, 0x6E, 0x31, 0x2D, 0x30, 0x2B, 0x06,
    0x03, 0x55, 0x04, 0x0B, 0x13, 0x24, 0x4D, 0x69, 0x63, 0x72, 0x6F, 0x73, 0x6F, 0x66, 0x74, 0x20,
    0x49, 0x72, 0x65, 0x6C, 0x61, 0x6E, 0x64, 0x20, 0x4F, 0x70, 0x65, 0x72, 0x61, 0x74, 0x69, 0x6F,
    0x6E, 0x73, 0x20, 0x4C, 0x69, 0x6D, 0x69, 0x74, 0x65, 0x64, 0x31, 0x27, 0x30, 0x25, 0x06, 0x03,
    0x55, 0x04, 0x0B, 0x13, 0x1E, 0x6E, 0x53, 0x68, 0x69, 0x65, 0x6C, 0x64, 0x20, 0x54, 0x53, 0x53,
    0x20, 0x45, 0x53, 0x4E, 0x3A, 0x35, 0x32, 0x31, 0x41, 0x2D, 0x30, 0x35, 0x45, 0x30, 0x2D, 0x44,
    0x39, 0x34, 0x37, 0x31, 0x25, 0x30, 0x23, 0x06, 0x03, 0x55, 0x04, 0x03, 0x13, 0x1C, 0x4D, 0x69,
    0x63, 0x72, 0x6F, 0x73, 0x6F, 0x66, 0x74, 0x20, 0x54, 0x69, 0x6D, 0x65, 0x2D, 0x53, 0x74, 0x61,
    0x6D, 0x70, 0x20, 0x53, 0x65, 0x72, 0x76, 0x69, 0x63, 0x65, 0xA0, 0x82, 0x11, 0xFE, 0x30, 0x82,
    0x07, 0x28, 0x30, 0x82, 0x05, 0x10, 0xA0, 0x03, 0x02, 0x01, 0x02, 0x02, 0x13, 0x33, 0x00, 0x00,
    0x02, 0x00, 0x0B, 0xD7, 0xAA, 0x7F, 0x1B, 0x2A, 0x17, 0x56, 0x00, 0x01, 0x00, 0x00, 0x02, 0x00,
    0x30, 0x0D, 0x06, 0x09, 0x2A, 0x86, 0x48, 0x86, 0xF7, 0x0D, 0x01, 0x01, 0x0B, 0x05, 0x00, 0x30,
    0x7C, 0x31, 0x0B, 0x30, 0x09, 0x06, 0x03, 0x55, 0x04, 0x06, 0x13, 0x02, 0x55, 0x53, 0x31, 0x13,
    0x30, 0x11, 0x06, 0x03, 0x55, 0x04, 0x08, 0x13, 0x0A, 0x57, 0x61, 0x73, 0x68, 0x69, 0x6E, 0x67,
    0x74, 0x6F, 0x6E, 0x31, 0x10, 0x30, 0x0E, 0x06, 0x03, 0x55, 0x04, 0x07, 0x13, 0x07, 0x52, 0x65,
    0x64, 0x6D, 0x6F, 0x6E, 0x64, 0x31, 0x1E, 0x30, 0x1C, 0x06, 0x03, 0x55, 0x04, 0x0A, 0x13, 0x15,
    0x4D, 0x69, 0x63, 0x72, 0x6F, 0x73, 0x6F, 0x66, 0x74, 0x20, 0x43, 0x6F, 0x72, 0x70, 0x6F, 0x72,
    0x61, 0x74, 0x69, 0x6F, 0x6E, 0x31, 0x26, 0x30, 0x24, 0x06, 0x03, 0x55, 0x04, 0x03, 0x13, 0x1D,
    0x4D, 0x69, 0x63, 0x72, 0x6F, 0x73, 0x6F, 0x66, 0x74, 0x20, 0x54, 0x69, 0x6D, 0x65, 0x2D, 0x53,
    0x74, 0x61, 0x6D, 0x70, 0x20, 0x50, 0x43, 0x41, 0x20, 0x32, 0x30, 0x31, 0x30, 0x30, 0x1E, 0x17,
    0x0D, 0x32, 0x34, 0x30, 0x37, 0x32, 0x35, 0x31, 0x38, 0x33, 0x31, 0x32, 0x31, 0x5A, 0x17, 0x0D,
    0x32, 0x35, 0x31, 0x30, 0x32, 0x32, 0x31, 0x38, 0x33, 0x31, 0x32, 0x31, 0x5A, 0x30, 0x81, 0xD3,
    0x31, 0x0B, 0x30, 0x09, 0x06, 0x03, 0x55, 0x04, 0x06, 0x13, 0x02, 0x55, 0x53, 0x31, 0x13, 0x30,
    0x11, 0x06, 0x03, 0x55, 0x04, 0x08, 0x13, 0x0A, 0x57, 0x61, 0x73, 0x68, 0x69, 0x6E, 0x67, 0x74,
    0x6F, 0x6E, 0x31, 0x10, 0x30, 0x0E, 0x06, 0x03, 0x55, 0x04, 0x07, 0x13, 0x07, 0x52, 0x65, 0x64,
    0x6D, 0x6F, 0x6E, 0x64, 0x31, 0x1E, 0x30, 0x1C, 0x06, 0x03, 0x55, 0x04, 0x0A, 0x13, 0x15, 0x4D,
    0x69, 0x63, 0x72, 0x6F, 0x73, 0x6F, 0x66, 0x74, 0x20, 0x43, 0x6F, 0x72, 0x70, 0x6F, 0x72, 0x61,
    0x74, 0x69, 0x6F, 0x6E, 0x31, 0x2D, 0x30, 0x2B, 0x06, 0x03, 0x55, 0x04, 0x0B, 0x13, 0x24, 0x4D,
    0x69, 0x63, 0x72, 0x6F, 0x73, 0x6F, 0x66, 0x74, 0x20, 0x49, 0x72, 0x65, 0x6C, 0x61, 0x6E, 0x64,
    0x20, 0x4F, 0x70, 0x65, 0x72, 0x61, 0x74, 0x69, 0x6F, 0x6E, 0x73, 0x20, 0x4C, 0x69, 0x6D, 0x69,
    0x74, 0x65, 0x64, 0x31, 0x27, 0x30, 0x25, 0x06, 0x03, 0x55, 0x04, 0x0B, 0x13, 0x1E, 0x6E, 0x53,
    0x68, 0x69, 0x65, 0x6C, 0x64, 0x20, 0x54, 0x53, 0x53, 0x20, 0x45, 0x53, 0x4E, 0x3A, 0x35, 0x32,
    0x31, 0x41, 0x2D, 0x30, 0x35, 0x45, 0x30, 0x2D, 0x44, 0x39, 0x34, 0x37, 0x31, 0x25, 0x30, 0x23,
    0x06, 0x03, 0x55, 0x04, 0x03, 0x13, 0x1C, 0x4D, 0x69, 0x63, 0x72, 0x6F, 0x73, 0x6F, 0x66, 0x74,
    0x20, 0x54, 0x69, 0x6D, 0x65, 0x2D, 0x53, 0x74, 0x61, 0x6D, 0x70, 0x20, 0x53, 0x65, 0x72, 0x76,
    0x69, 0x63, 0x65, 0x30, 0x82, 0x02, 0x22, 0x30, 0x0D, 0x06, 0x09, 0x2A, 0x86, 0x48, 0x86, 0xF7,
    0x0D, 0x01, 0x01, 0x01, 0x05, 0x00, 0x03, 0x82, 0x02, 0x0F, 0x00, 0x30, 0x82, 0x02, 0x0A, 0x02,
    0x82, 0x02, 0x01, 0x00, 0xAF, 0x55, 0xDA, 0x69, 0xD2, 0xA4, 0x3F, 0x64, 0xE4, 0xBA, 0x7A, 0x13,
    0x17, 0x9E, 0xF7, 0xFE, 0xD1, 0x7B, 0x28, 0x93, 0x3D, 0x0E, 0x88, 0xAF, 0xDD, 0xC7, 0x2F, 0xDB,
    0xA9, 0xAA, 0x9D, 0x48, 0x66, 0xBF, 0x60, 0xCC, 0xE7, 0xD8, 0xA4, 0x11, 0x3E, 0x16, 0x9D, 0x17,
    0xE8, 0xE5, 0xB8, 0x85, 0x20, 0x77, 0x3A, 0x2E, 0xAA, 0xC8, 0x7A, 0xA0, 0xA0, 0x4F, 0xD7, 0xD3,
    0xFC, 0x69, 0x2C, 0xE5, 0x52, 0x8E, 0xF7, 0x46, 0x50, 0x5B, 0x66, 0xAF, 0x87, 0xF3, 0xCC, 0x1E,
    0x79, 0x74, 0x91, 0x97, 0xD7, 0xFC, 0x8E, 0x73, 0x75, 0x5A, 0x28, 0x5C, 0x76, 0xDD, 0x51, 0x49,
    0x0F, 0x89, 0x97, 0xCD, 0x5E, 0xCC, 0xD6, 0xB3, 0x09, 0x8B, 0xF5, 0x49, 0x56, 0xA3, 0xC9, 0xB3,
    0xCA, 0xFF, 0x4B, 0xA7, 0xD4, 0xC0, 0xB7, 0x0F, 0xE8, 0x5C, 0xE6, 0x13, 0x03, 0x17, 0x58, 0x4A,
    0xA3, 0x81, 0xE5, 0x4C, 0xF3, 0xD5, 0x0D, 0xC0, 0xF2, 0xE0, 0xA9, 0x36, 0x5B, 0xA6, 0x40, 0xD0,
    0xC9, 0x18, 0x36, 0x3A, 0x71, 0x29, 0xF4, 0x32, 0x56, 0x2E, 0x91, 0x79, 0x25, 0x02, 0xB0, 0xA1,
    0xAB, 0xA9, 0x7E, 0x29, 0x8A, 0xE5, 0xEA, 0xBF, 0xD6, 0x9C, 0xEA, 0x97, 0x4A, 0x49, 0xC0, 0x06,
    0x98, 0x20, 0x4A, 0xC2, 0x77, 0xDE, 0x82, 0xF7, 0xA2, 0x79, 0x83, 0x88, 0xDF, 0x58, 0x50, 0x0A,
    0x59, 0xC2, 0x39, 0xCD, 0x87, 0xD3, 0x3A, 0x90, 0x36, 0xA7, 0x79, 0x2C, 0xFB, 0xF3, 0xF6, 0x2D,
    0x0F, 0xFD, 0xA9, 0x1A, 0x9C, 0x7D, 0xFC, 0xB5, 0xC4, 0x2E, 0x86, 0xB3, 0x11, 0x41, 0x71, 0x87,
    0x28, 0x38, 0x29, 0xD9, 0xA8, 0x58, 0x63, 0x58, 0xC1, 0xD4, 0x7B, 0xFE, 0x27, 0x7C, 0xD6, 0x07,
    0x8E, 0x11, 0x1E, 0xBD, 0x97, 0x97, 0x49, 0xBF, 0xBD, 0x52, 0xFE, 0x61, 0xFE, 0x2F, 0x16, 0xFA,
    0x2F, 0xAF, 0x76, 0x9F, 0xCB, 0x84, 0x98, 0x05, 0x70, 0xE9, 0xF5, 0x6F, 0x13, 0xE7, 0x3C, 0xC2,
    0x38, 0x18, 0x65, 0xB9, 0x59, 0x08, 0xD3, 0xC0, 0xCA, 0x70, 0xA7, 0x0D, 0xDB, 0x91, 0x2D, 0xD9,
    0x35, 0x8E, 0xCC, 0x02, 0xAA, 0x3A, 0x8D, 0x73, 0x75, 0xFF, 0x58, 0x8C, 0xC0, 0xEC, 0x61, 0xAC,
    0xE0, 0x75, 0x12, 0xE1, 0x82, 0x2B, 0x01, 0x4C, 0x7C, 0x1F, 0x60, 0x3D, 0xE2, 0xF0, 0xCD, 0x88,
    0x0F, 0x00, 0x59, 0xAE, 0xD9, 0xFC, 0x74, 0xB0, 0x4C, 0x2C, 0x88, 0x81, 0xE5, 0x5B, 0x95, 0xD5,
    0xD8, 0x33, 0x60, 0x6D, 0xC4, 0xC2, 0xAA, 0xDE, 0x49, 0xDE, 0x46, 0x84, 0xF6, 0xEC, 0xD4, 0x3B,
    0x63, 0xB9, 0xFC, 0x65, 0x36, 0x80, 0x8D, 0xEE, 0xC1, 0x95, 0xF8, 0xEE, 0xF3, 0x7B, 0x29, 0x18,
    0xFF, 0xD0, 0x59, 0x83, 0x59, 0xD7, 0x06, 0x33, 0x61, 0x51, 0x91, 0xC8, 0xEA, 0x5D, 0x03, 0xC5,
    0xA6, 0xC6, 0xAE, 0x55, 0xF1, 0xFE, 0x6B, 0xE0, 0x76, 0x86, 0xF7, 0x33, 0xDC, 0xCA, 0x43, 0xB2,
    0x26, 0x94, 0x59, 0xCB, 0xE5, 0x77, 0x44, 0x68, 0xA0, 0x84, 0x59, 0xAC, 0x08, 0x95, 0xC0, 0x70,
    0xCC, 0xE2, 0x3B, 0xBE, 0x87, 0x8A, 0x7C, 0x02, 0x22, 0x32, 0x26, 0x9C, 0x21, 0x4A, 0x18, 0x9F,
    0xC8, 0x6C, 0xB8, 0xC7, 0xE8, 0x9E, 0xDF, 0x25, 0x7A, 0x91, 0x3D, 0xB8, 0x3E, 0x1F, 0xAA, 0xD8,
    0x2D, 0x9F, 0x17, 0x06, 0x99, 0x97, 0x04, 0x51, 0xF8, 0x3D, 0x36, 0xA4, 0x65, 0x56, 0x31, 0x07,
    0xF3, 0xFE, 0x11, 0x06, 0xCB, 0xE4, 0xB3, 0x70, 0xD1, 0x92, 0x0C, 0xF9, 0xEB, 0x9F, 0xC4, 0x29,
    0x63, 0x57, 0x83, 0xBE, 0x9C, 0x79, 0x0C, 0xFB, 0x38, 0x12, 0xC7, 0xCF, 0xB4, 0xEC, 0x15, 0x59,
    0x3C, 0x12, 0xAC, 0x96, 0x8A, 0x1E, 0x6E, 0xC9, 0xA1, 0x21, 0xC0, 0x4E, 0xD3, 0xBE, 0xFD, 0x91,
    0xE8, 0x5C, 0x89, 0x83, 0x02, 0x03, 0x01, 0x00, 0x01, 0xA3, 0x82, 0x01, 0x49, 0x30, 0x82, 0x01,
    0x45, 0x30, 0x1D, 0x06, 0x03, 0x55, 0x1D, 0x0E, 0x04, 0x16, 0x04, 0x14, 0x80, 0x25, 0x24, 0xDA,
    0xBE, 0x09, 0x23, 0x2A, 0xA8, 0x1E, 0xE7, 0x14, 0x0E, 0x5E, 0x7D, 0xF9, 0x7D, 0x77, 0x77, 0x3A,
    0x30, 0x1F, 0x06, 0x03, 0x55, 0x1D, 0x23, 0x04, 0x18, 0x30, 0x16, 0x80, 0x14, 0x9F, 0xA7, 0x15,
    0x5D, 0x00, 0x5E, 0x62, 0x5D, 0x83, 0xF4, 0xE5, 0xD2, 0x65, 0xA7, 0x1B, 0x53, 0x35, 0x19, 0xE9,
    0x72, 0x30, 0x5F, 0x06, 0x03, 0x55, 0x1D, 0x1F, 0x04, 0x58, 0x30, 0x56, 0x30, 0x54, 0xA0, 0x52,
    0xA0, 0x50, 0x86, 0x4E, 0x68, 0x74, 0x74, 0x70, 0x3A, 0x2F, 0x2F, 0x77, 0x77, 0x77, 0x2E, 0x6D,
    0x69, 0x63, 0x72, 0x6F, 0x73, 0x6F, 0x66, 0x74, 0x2E, 0x63, 0x6F, 0x6D, 0x2F, 0x70, 0x6B, 0x69,
    0x6F, 0x70, 0x73, 0x2F, 0x63, 0x72, 0x6C, 0x2F, 0x4D, 0x69, 0x63, 0x72, 0x6F, 0x73, 0x6F, 0x66,
    0x74, 0x25, 0x32, 0x30, 0x54, 0x69, 0x6D, 0x65, 0x2D, 0x53, 0x74, 0x61, 0x6D, 0x70, 0x25, 0x32,
    0x30, 0x50, 0x43, 0x41, 0x25, 0x32, 0x30, 0x32, 0x30, 0x31, 0x30, 0x28, 0x31, 0x29, 0x2E, 0x63,
    0x72, 0x6C, 0x30, 0x6C, 0x06, 0x08, 0x2B, 0x06, 0x01, 0x05, 0x05, 0x07, 0x01, 0x01, 0x04, 0x60,
    0x30, 0x5E, 0x30, 0x5C, 0x06, 0x08, 0x2B, 0x06, 0x01, 0x05, 0x05, 0x07, 0x30, 0x02, 0x86, 0x50,
    0x68, 0x74, 0x74, 0x70, 0x3A, 0x2F, 0x2F, 0x77, 0x77, 0x77, 0x2E, 0x6D, 0x69, 0x63, 0x72, 0x6F,
    0x73, 0x6F, 0x66, 0x74, 0x2E, 0x63, 0x6F, 0x6D, 0x2F, 0x70, 0x6B, 0x69, 0x6F, 0x70, 0x73, 0x2F,
    0x63, 0x65, 0x72, 0x74, 0x73, 0x2F, 0x4D, 0x69, 0x63, 0x72, 0x6F, 0x73, 0x6F, 0x66, 0x74, 0x25,
    0x32, 0x30, 0x54, 0x69, 0x6D, 0x65, 0x2D, 0x53, 0x74, 0x61, 0x6D, 0x70, 0x25, 0x32, 0x30, 0x50,
    0x43, 0x41, 0x25, 0x32, 0x30, 0x32, 0x30, 0x31, 0x30, 0x28, 0x31, 0x29, 0x2E, 0x63, 0x72, 0x74,
    0x30, 0x0C, 0x06, 0x03, 0x55, 0x1D, 0x13, 0x01, 0x01, 0xFF, 0x04, 0x02, 0x30, 0x00, 0x30, 0x16,
    0x06, 0x03, 0x55, 0x1D, 0x25, 0x01, 0x01, 0xFF, 0x04, 0x0C, 0x30, 0x0A, 0x06, 0x08, 0x2B, 0x06,
    0x01, 0x05, 0x05, 0x07, 0x03, 0x08, 0x30, 0x0E, 0x06, 0x03, 0x55, 0x1D, 0x0F, 0x01, 0x01, 0xFF,
    0x04, 0x04, 0x03, 0x02, 0x07, 0x80, 0x30, 0x0D, 0x06, 0x09, 0x2A, 0x86, 0x48, 0x86, 0xF7, 0x0D,
    0x01, 0x01, 0x0B, 0x05, 0x00, 0x03, 0x82, 0x02, 0x01, 0x00, 0x28, 0xF0, 0x86, 0xF6, 0x78, 0xD1,
    0xB4, 0x8A, 0x90, 0xF9, 0xFB, 0x84, 0x0A, 0x0C, 0x73, 0x58, 0xCB, 0x10, 0x38, 0x8D, 0xC7, 0xBD,
    0x6E, 0xEC, 0x57, 0xD3, 0xE6, 0x11, 0x60, 0x82, 0x39, 0x69, 0x53, 0xB8, 0x60, 0x88, 0xCC, 0xD8,
    0xB7, 0x89, 0xB7, 0x4B, 0x65, 0x2D, 0x1B, 0xD8, 0x80, 0xC7, 0x83, 0x4C, 0x8B, 0xAE, 0xD7, 0x55,
    0xB8, 0x18, 0xB7, 0x17, 0x15, 0x5D, 0x7A, 0xC2, 0x17, 0xBB, 0x36, 0x32, 0xA1, 0xF2, 0x1E, 0xFD,
    0xA9, 0x53, 0x05, 0xD5, 0x78, 0x0E, 0x18, 0xA3, 0x2D, 0x35, 0xED, 0x07, 0xB3, 0x60, 0x3A, 0x7A,
    0x3B, 0x1B, 0x5D, 0xA2, 0x3B, 0x7B, 0x7A, 0x8F, 0x2D, 0x61, 0x3D, 0x2A, 0xAE, 0xCC, 0x62, 0xEB,
    0xCB, 0xFD, 0xA6, 0x11, 0x90, 0x70, 0x22, 0xC4, 0xA8, 0x4B, 0x60, 0xFE, 0x1F, 0xED, 0xC7, 0x08,
    0x9C, 0x4F, 0x0F, 0x28, 0x73, 0x30, 0x5A, 0x8F, 0xFA, 0x99, 0x65, 0xB4, 0xF0, 0x02, 0x07, 0xF4,
    0x0D, 0xC1, 0x9E, 0xEA, 0xF8, 0x71, 0xB2, 0x66, 0xFD, 0xEF, 0xF1, 0xEB, 0x7E, 0xAD, 0x06, 0x20,
    0xF2, 0xC1, 0x77, 0x3D, 0x3B, 0x96, 0x78, 0x38, 0x37, 0x75, 0x1F, 0xF3, 0x93, 0x53, 0x5A, 0xC0,
    0x9F, 0xDD, 0x7C, 0x50, 0x83, 0x62, 0x55, 0x8D, 0x78, 0x20, 0x42, 0x2E, 0xF3, 0x4F, 0x40, 0x17,
    0x1E, 0x31, 0x85, 0xC5, 0x44, 0x52, 0xA1, 0x71, 0x25, 0x30, 0xB3, 0xB9, 0x85, 0x74, 0x80, 0xC3,
    0x85, 0x9A, 0x71, 0xAB, 0x22, 0x0A, 0x0F, 0x65, 0x83, 0xC0, 0x5C, 0x8D, 0x20, 0x61, 0x1E, 0xCE,
    0x7F, 0xA7, 0x77, 0x89, 0x17, 0x46, 0xEA, 0x5E, 0x34, 0x4C, 0x7E, 0x79, 0x2A, 0x49, 0x5F, 0x29,
    0x51, 0x0F, 0xED, 0x5D, 0xE3, 0x98, 0x5B, 0xE8, 0xFC, 0xCE, 0x20, 0x5E, 0xC1, 0x91, 0xC3, 0xED,
    0x46, 0xD1, 0x56, 0xDB, 0x05, 0xE0, 0x92, 0x32, 0xEA, 0xB5, 0x35, 0x96, 0x94, 0x19, 0x2F, 0xCE,
    0x5D, 0xAE, 0x35, 0xF6, 0x09, 0xDC, 0x23, 0xD9, 0x55, 0xA0, 0xF2, 0x30, 0x36, 0x9A, 0x5E, 0x03,
    0xBE, 0x1F, 0xA0, 0xE2, 0xAE, 0xC2, 0x78, 0x20, 0x6F, 0x62, 0x90, 0x87, 0x7D, 0xE3, 0x5F, 0xA6,
    0x58, 0x37, 0xA3, 0x92, 0x3E, 0x5A, 0x62, 0x7F, 0x50, 0x37, 0xA4, 0x4E, 0x7E, 0x8F, 0xC7, 0x34,
    0x78, 0x35, 0xB6, 0x29, 0xB0, 0xA4, 0x5A, 0x14, 0x8A, 0xFA, 0x80, 0x16, 0xEE, 0xA2, 0xAD, 0x66,
    0x45, 0xC3, 0x95, 0x7E, 0xC8, 0xBA, 0xFC, 0x14, 0xB7, 0x3B, 0x9D, 0xB3, 0x1A, 0xDA, 0x51, 0x52,
    0x8B, 0x1C, 0xEE, 0xF7, 0xAC, 0xDD, 0x9C, 0x3B, 0x0F, 0x22, 0x6C, 0xF4, 0x73, 0xA4, 0xAD, 0x6D,
    0x8C, 0xA1, 0x29, 0x29, 0x4C, 0xDE, 0xE0, 0xD1, 0x8B, 0xD5, 0x16, 0xC9, 0xD4, 0x8A, 0xAA, 0x71,
    0x1B, 0xB4, 0x9E, 0x8C, 0x93, 0xE6, 0x2E, 0xC6, 0xFC, 0xE9, 0xAE, 0x4B, 0x96, 0x40, 0x96, 0x16,
    0x7E, 0x93, 0xEF, 0xBA, 0x0F, 0xB0, 0x4E, 0x78, 0xA8, 0xCA, 0x45, 0x70, 0x73, 0x4C, 0x91, 0x55,
    0xCB, 0x1D, 0xE3, 0x13, 0x33, 0x9E, 0x79, 0xD1, 0xB5, 0x90, 0xC6, 0x31, 0x25, 0x04, 0x97, 0xDB,
    0x4C, 0x56, 0x77, 0x9B, 0x61, 0x1B, 0x21, 0xC1, 0x92, 0x32, 0x25, 0x3B, 0x01, 0x80, 0xB6, 0x66,
    0x1C, 0xCE, 0xEA, 0xD9, 0x31, 0x4A, 0xFD, 0x7F, 0x7D, 0xE3, 0x84, 0xA4, 0x22, 0xAC, 0x98, 0xDB,
    0x60, 0x1C, 0xB8, 0xB7, 0xB4, 0x1A, 0xAA, 0x0D, 0x7C, 0x04, 0x82, 0x21, 0xC6, 0x6D, 0xCD, 0xB6,
    0x7F, 0xCC, 0xFE, 0x25, 0x4F, 0x6F, 0xCD, 0xD2, 0x90, 0xDB, 0x9F, 0x67, 0xDF, 0x03, 0x38, 0xD9,
    0x92, 0x12, 0x3E, 0x42, 0xBA, 0xAB, 0xF7, 0xCD, 0xE6, 0x41, 0x95, 0xB0, 0x65, 0xDA, 0xF7, 0x4E,
    0x4D, 0x4C, 0x60, 0x49, 0x43, 0x4E, 0x1C, 0xF6, 0x0F, 0x43, 0x30, 0x82, 0x07, 0x71, 0x30, 0x82,
    0x05, 0x59, 0xA0, 0x03, 0x02, 0x01, 0x02, 0x02, 0x13, 0x33, 0x00, 0x00, 0x00, 0x15, 0xC5, 0xE7,
    0x6B, 0x9E, 0x02, 0x9B, 0x49, 0x99, 0x00, 0x00, 0x00, 0x00, 0x00, 0x15, 0x30, 0x0D, 0x06, 0x09,
    0x2A, 0x86, 0x48, 0x86, 0xF7, 0x0D, 0x01, 0x01, 0x0B, 0x05, 0x00, 0x30, 0x81, 0x88, 0x31, 0x0B,
    0x30, 0x09, 0x06, 0x03, 0x55, 0x04, 0x06, 0x13, 0x02, 0x55, 0x53, 0x31, 0x13, 0x30, 0x11, 0x06,
    0x03, 0x55, 0x04, 0x08, 0x13, 0x0A, 0x57, 0x61, 0x73, 0x68, 0x69, 0x6E, 0x67, 0x74, 0x6F, 0x6E,
    0x31, 0x10, 0x30, 0x0E, 0x06, 0x03, 0x55, 0x04, 0x07, 0x13, 0x07, 0x52, 0x65, 0x64, 0x6D, 0x6F,
    0x6E, 0x64, 0x31, 0x1E, 0x30, 0x1C, 0x06, 0x03, 0x55, 0x04, 0x0A, 0x13, 0x15, 0x4D, 0x69, 0x63,
    0x72, 0x6F, 0x73, 0x6F, 0x66, 0x74, 0x20, 0x43, 0x6F, 0x72, 0x70, 0x6F, 0x72, 0x61, 0x74, 0x69,
    0x6F, 0x6E, 0x31, 0x32, 0x30, 0x30, 0x06, 0x03, 0x55, 0x04, 0x03, 0x13, 0x29, 0x4D, 0x69, 0x63,
    0x72, 0x6F, 0x73, 0x6F, 0x66, 0x74, 0x20, 0x52, 0x6F, 0x6F, 0x74, 0x20, 0x43, 0x65, 0x72, 0x74,
    0x69, 0x66, 0x69, 0x63, 0x61, 0x74, 0x65, 0x20, 0x41, 0x75, 0x74, 0x68, 0x6F, 0x72, 0x69, 0x74,
    0x79, 0x20, 0x32, 0x30, 0x31, 0x30, 0x30, 0x1E, 0x17, 0x0D, 0x32, 0x31, 0x30, 0x39, 0x33, 0x30,
    0x31, 0x38, 0x32, 0x32, 0x32, 0x35, 0x5A, 0x17, 0x0D, 0x33, 0x30, 0x30, 0x39, 0x33, 0x30, 0x31,
    0x38, 0x33, 0x32, 0x32, 0x35, 0x5A, 0x30, 0x7C, 0x31, 0x0B, 0x30, 0x09, 0x06, 0x03, 0x55, 0x04,
    0x06, 0x13, 0x02, 0x55, 0x53, 0x31, 0x13, 0x30, 0x11, 0x06, 0x03, 0x55, 0x04, 0x08, 0x13, 0x0A,
    0x57, 0x61, 0x73, 0x68, 0x69, 0x6E, 0x67, 0x74, 0x6F, 0x6E, 0x31, 0x10, 0x30, 0x0E, 0x06, 0x03,
    0x55, 0x04, 0x07, 0x13, 0x07, 0x52, 0x65, 0x64, 0x6D, 0x6F, 0x6E, 0x64, 0x31, 0x1E, 0x30, 0x1C,
    0x06, 0x03, 0x55, 0x04, 0x0A, 0x13, 0x15, 0x4D, 0x69, 0x63, 0x72, 0x6F, 0x73, 0x6F, 0x66, 0x74,
    0x20, 0x43, 0x6F, 0x72, 0x70, 0x6F, 0x72, 0x61, 0x74, 0x69, 0x6F, 0x6E, 0x31, 0x26, 0x30, 0x24,
    0x06, 0x03, 0x55, 0x04, 0x03, 0x13, 0x1D, 0x4D, 0x69, 0x63, 0x72, 0x6F, 0x73, 0x6F, 0x66, 0x74,
    0x20, 0x54, 0x69, 0x6D, 0x65, 0x2D, 0x53, 0x74, 0x61, 0x6D, 0x70, 0x20, 0x50, 0x43, 0x41, 0x20,
    0x32, 0x30, 0x31, 0x30, 0x30, 0x82, 0x02, 0x22, 0x30, 0x0D, 0x06, 0x09, 0x2A, 0x86, 0x48, 0x86,
    0xF7, 0x0D, 0x01, 0x01, 0x01, 0x05, 0x00, 0x03, 0x82, 0x02, 0x0F, 0x00, 0x30, 0x82, 0x02, 0x0A,
    0x02, 0x82, 0x02, 0x01, 0x00, 0xE4, 0xE1, 0xA6, 0x4C, 0xE7, 0xB4, 0x72, 0x21, 0x0B, 0x79, 0xA2,
    0xCB, 0xD7, 0x24, 0x79, 0xBD, 0x0E, 0xD5, 0x82, 0xD3, 0xFD, 0xEE, 0x9C, 0x07, 0x07, 0xD2, 0xA9,
    0x6C, 0x4E, 0x75, 0xC8, 0xCA, 0x35, 0x57, 0xF6, 0x01, 0x7F, 0x6C, 0x4A, 0xE0, 0xE2, 0xBD, 0xB9,
    0x3E, 0x17, 0x60, 0x33, 0xFF, 0x5C, 0x4F, 0xC7, 0x66, 0xF7, 0x95, 0x53, 0x71, 0x5A, 0xE2, 0x7E,
    0x4A, 0x5A, 0xFE, 0xB8, 0x36, 0x67, 0x85, 0x46, 0x23, 0x0C, 0xB5, 0x8D, 0x13, 0xCF, 0x77, 0x32,
    0xC0, 0x10, 0x18, 0xE8, 0x60, 0x7D, 0x6A, 0x52, 0x83, 0x44, 0xB7, 0xA6, 0x8E, 0x46, 0x6B, 0x07,
    0x14, 0xF3, 0xC5, 0x76, 0xF5, 0x86, 0x50, 0xDC, 0xC1, 0x44, 0xC8, 0x71, 0x5C, 0x51, 0x31, 0x37,
    0xA0, 0x0A, 0x38, 0x6E, 0x8D, 0xED, 0xD7, 0x0F, 0xD8, 0x26, 0x53, 0x7C, 0x39, 0x61, 0x02, 0x7A,
    0xC4, 0xAA, 0xFD, 0x72, 0x69, 0xAF, 0x1D, 0xAB, 0xAC, 0xF6, 0x36, 0xBE, 0x35, 0x26, 0x64, 0xDA,
    0x98, 0x3B, 0xBA, 0x1A, 0x7B, 0x33, 0xAD, 0x80, 0x5B, 0x7E, 0x8C, 0x10, 0x1C, 0x9D, 0x52, 0xFE,
    0xB6, 0xE8, 0x62, 0x25, 0xDC, 0x6A, 0x0F, 0xCF, 0x5D, 0xF4, 0xFE, 0x8E, 0x53, 0xCF, 0xD6, 0xEC,
    0x85, 0x56, 0x4D, 0xEF, 0xDD, 0xBC, 0x8D, 0xA4, 0xE3, 0x91, 0x8F, 0xB2, 0x39, 0x2C, 0x51, 0x9C,
    0xE9, 0x70, 0x69, 0x0D, 0xCA, 0x36, 0x2D, 0x70, 0x8E, 0x31, 0xC8, 0x35, 0x28, 0xBD, 0xE3, 0xB4,
    0x87, 0x24, 0xC3, 0xE0, 0xC9, 0x8F, 0x7E, 0xB5, 0x54, 0x8F, 0xDC, 0xFA, 0x05, 0x55, 0x98, 0x6D,
    0x68, 0x3B, 0x9A, 0x46, 0xBD, 0xED, 0xA4, 0xAE, 0x7A, 0x29, 0x37, 0xAC, 0xCB, 0xEB, 0x83, 0x45,
    0xE7, 0x46, 0x6E, 0xCA, 0x32, 0xD5, 0xC0, 0x86, 0x30, 0x5C, 0x4F, 0x2C, 0xE2, 0x62, 0xB2, 0xCD,
    0xB9, 0xE2, 0x8D, 0x88, 0xE4, 0x96, 0xAC, 0x01, 0x4A, 0xBB, 0xBE, 0x71, 0xA9, 0x17, 0x5B, 0x67,
    0x60, 0xDE, 0xF8, 0x92, 0x91, 0x1E, 0x1D, 0x3D, 0xFD, 0x20, 0xCF, 0x73, 0x7D, 0x41, 0x9A, 0x46,
    0x75, 0xCD, 0xC4, 0x5F, 0x34, 0xDD, 0x12, 0x89, 0xD6, 0xFD, 0xA5, 0x20, 0x7D, 0x7E, 0xFC, 0xD9,
    0x9E, 0x45, 0xDF, 0xB6, 0x72, 0x2F, 0xDB, 0x7D, 0x5F, 0x80, 0xBA, 0xDB, 0xAA, 0x7E, 0x36, 0xEC,
    0x36, 0x4C, 0xF6, 0x2B, 0x6E, 0xA8, 0x12, 0x51, 0xE8, 0xBF, 0x05, 0x03, 0xA3, 0xD1, 0x73, 0xA6,
    0x4D, 0x37, 0x74, 0x94, 0x1C, 0x34, 0x82, 0x0F, 0xF0, 0x10, 0xF2, 0xB7, 0x47, 0x18, 0xED, 0xA7,
    0xE8, 0x99, 0x7C, 0x3F, 0x4C, 0xDB, 0xAF, 0x5E, 0xC2, 0xF3, 0xD5, 0xD8, 0x73, 0x3D, 0x43, 0x4E,
    0xC1, 0x33, 0x39, 0x4C, 0x8E, 0x02, 0xBC, 0x42, 0x68, 0x2E, 0x10, 0xEA, 0x84, 0x51, 0x46, 0xE2,
    0xD1, 0xBD, 0x6A, 0x18, 0x5A, 0x61, 0x01, 0x73, 0xCA, 0x67, 0xA2, 0x5E, 0xD7, 0x28, 0x76, 0x02,
    0xE2, 0x33, 0x18, 0x72, 0xD7, 0xA7, 0x20, 0xF0, 0xC2, 0xFA, 0x12, 0x0A, 0xD7, 0x63, 0x6F, 0x0C,
    0xC9, 0x36, 0x64, 0x8B, 0x5B, 0xA0, 0xA6, 0x83, 0x21, 0x5D, 0x5F, 0x30, 0x74, 0x91, 0x94, 0x94,
    0xD8, 0xB9, 0x50, 0xF9, 0x0B, 0x89, 0x61, 0xF3, 0x36, 0x06, 0x35, 0x18, 0x84, 0x47, 0xDB, 0xDC,
    0x1B, 0xD1, 0xFD, 0xB2, 0xD4, 0x1C, 0xC5, 0x6B, 0xF6, 0x5C, 0x52, 0x51, 0x5D, 0x12, 0xDB, 0x25,
    0xBA, 0xAF, 0x50, 0x05, 0x7A, 0x6C, 0xC5, 0x11, 0x1D, 0x72, 0xEF, 0x8D, 0xF9, 0x52, 0xC4, 0x85,
    0x17, 0x93, 0xC0, 0x3C, 0x15, 0xDB, 0x1A, 0x37, 0xC7, 0x08, 0x15, 0x18, 0x3F, 0x78, 0xAB, 0x45,
    0xB6, 0xF5, 0x1E, 0x87, 0x5E, 0xDA, 0x8F, 0x9E, 0x16, 0x72, 0x69, 0xC6, 0xAE, 0x7B, 0xB7, 0xB7,
    0x3E, 0x6A, 0xE2, 0x2E, 0xAD, 0x02, 0x03, 0x01, 0x00, 0x01, 0xA3, 0x82, 0x01, 0xDD, 0x30, 0x82,
    0x01, 0xD9, 0x30, 0x12, 0x06, 0x09, 0x2B, 0x06, 0x01, 0x04, 0x01, 0x82, 0x37, 0x15, 0x01, 0x04,
    0x05, 0x02, 0x03, 0x01, 0x00, 0x01, 0x30, 0x23, 0x06, 0x09, 0x2B, 0x06, 0x01, 0x04, 0x01, 0x82,
    0x37, 0x15, 0x02, 0x04, 0x16, 0x04, 0x14, 0x2A, 0xA7, 0x52, 0xFE, 0x64, 0xC4, 0x9A, 0xBE, 0x82,
    0x91, 0x3C, 0x46, 0x35, 0x29, 0xCF, 0x10, 0xFF, 0x2F, 0x04, 0xEE, 0x30, 0x1D, 0x06, 0x03, 0x55,
    0x1D, 0x0E, 0x04, 0x16, 0x04, 0x14, 0x9F, 0xA7, 0x15, 0x5D, 0x00, 0x5E, 0x62, 0x5D, 0x83, 0xF4,
    0xE5, 0xD2, 0x65, 0xA7, 0x1B, 0x53, 0x35, 0x19, 0xE9, 0x72, 0x30, 0x5C, 0x06, 0x03, 0x55, 0x1D,
    0x20, 0x04, 0x55, 0x30, 0x53, 0x30, 0x51, 0x06, 0x0C, 0x2B, 0x06, 0x01, 0x04, 0x01, 0x82, 0x37,
    0x4C, 0x83, 0x7D, 0x01, 0x01, 0x30, 0x41, 0x30, 0x3F, 0x06, 0x08, 0x2B, 0x06, 0x01, 0x05, 0x05,
    0x07, 0x02, 0x01, 0x16, 0x33, 0x68, 0x74, 0x74, 0x70, 0x3A, 0x2F, 0x2F, 0x77, 0x77, 0x77, 0x2E,
    0x6D, 0x69, 0x63, 0x72, 0x6F, 0x73, 0x6F, 0x66, 0x74, 0x2E, 0x63, 0x6F, 0x6D, 0x2F, 0x70, 0x6B,
    0x69, 0x6F, 0x70, 0x73, 0x2F, 0x44, 0x6F, 0x63, 0x73, 0x2F, 0x52, 0x65, 0x70, 0x6F, 0x73, 0x69,
    0x74, 0x6F, 0x72, 0x79, 0x2E, 0x68, 0x74, 0x6D, 0x30, 0x13, 0x06, 0x03, 0x55, 0x1D, 0x25, 0x04,
    0x0C, 0x30, 0x0A, 0x06, 0x08, 0x2B, 0x06, 0x01, 0x05, 0x05, 0x07, 0x03, 0x08, 0x30, 0x19, 0x06,
    0x09, 0x2B, 0x06, 0x01, 0x04, 0x01, 0x82, 0x37, 0x14, 0x02, 0x04, 0x0C, 0x1E, 0x0A, 0x00, 0x53,
    0x00, 0x75, 0x00, 0x62, 0x00, 0x43, 0x00, 0x41, 0x30, 0x0B, 0x06, 0x03, 0x55, 0x1D, 0x0F, 0x04,
    0x04, 0x03, 0x02, 0x01, 0x86, 0x30, 0x0F, 0x06, 0x03, 0x55, 0x1D, 0x13, 0x01, 0x01, 0xFF, 0x04,
    0x05, 0x30, 0x03, 0x01, 0x01, 0xFF, 0x30, 0x1F, 0x06, 0x03, 0x55, 0x1D, 0x23, 0x04, 0x18, 0x30,
    0x16, 0x80, 0x14, 0xD5, 0xF6, 0x56, 0xCB, 0x8F, 0xE8, 0xA2, 0x5C, 0x62, 0x68, 0xD1, 0x3D, 0x94,
    0x90, 0x5B, 0xD7, 0xCE, 0x9A, 0x18, 0xC4, 0x30, 0x56, 0x06, 0x03, 0x55, 0x1D, 0x1F, 0x04, 0x4F,
    0x30, 0x4D, 0x30, 0x4B, 0xA0, 0x49, 0xA0, 0x47, 0x86, 0x45, 0x68, 0x74, 0x74, 0x70, 0x3A, 0x2F,
    0x2F, 0x63, 0x72, 0x6C, 0x2E, 0x6D, 0x69, 0x63, 0x72, 0x6F, 0x73, 0x6F, 0x66, 0x74, 0x2E, 0x63,
    0x6F, 0x6D, 0x2F, 0x70, 0x6B, 0x69, 0x2F, 0x63, 0x72, 0x6C, 0x2F, 0x70, 0x72, 0x6F, 0x64, 0x75,
    0x63, 0x74, 0x73, 0x2F, 0x4D, 0x69, 0x63, 0x52, 0x6F, 0x6F, 0x43, 0x65, 0x72, 0x41, 0x75, 0x74,
    0x5F, 0x32, 0x30, 0x31, 0x30, 0x2D, 0x30, 0x36, 0x2D, 0x32, 0x33, 0x2E, 0x63, 0x72, 0x6C, 0x30,
    0x5A, 0x06, 0x08, 0x2B, 0x06, 0x01, 0x05, 0x05, 0x07, 0x01, 0x01, 0x04, 0x4E, 0x30, 0x4C, 0x30,
    0x4A, 0x06, 0x08, 0x2B, 0x06, 0x01, 0x05, 0x05, 0x07, 0x30, 0x02, 0x86, 0x3E, 0x68, 0x74, 0x74,
    0x70, 0x3A, 0x2F, 0x2F, 0x77, 0x77, 0x77, 0x2E, 0x6D, 0x69, 0x63, 0x72, 0x6F, 0x73, 0x6F, 0x66,
    0x74, 0x2E, 0x63, 0x6F, 0x6D, 0x2F, 0x70, 0x6B, 0x69, 0x2F, 0x63, 0x65, 0x72, 0x74, 0x73, 0x2F,
    0x4D, 0x69, 0x63, 0x52, 0x6F, 0x6F, 0x43, 0x65, 0x72, 0x41, 0x75, 0x74, 0x5F, 0x32, 0x30, 0x31,
    0x30, 0x2D, 0x30, 0x36, 0x2D, 0x32, 0x33, 0x2E, 0x63, 0x72, 0x74, 0x30, 0x0D, 0x06, 0x09, 0x2A,
    0x86, 0x48, 0x86, 0xF7, 0x0D, 0x01, 0x01, 0x0B, 0x05, 0x00, 0x03, 0x82, 0x02, 0x01, 0x00, 0x9D,
    0x55, 0x7D, 0xFC, 0x2A, 0xAD, 0xE1, 0x2C, 0x1F, 0x67, 0x01, 0x31, 0x24, 0x5B, 0xE1, 0x9E, 0x72,
    0x4B, 0xFC, 0xA9, 0x6F, 0xEA, 0x5C, 0x14, 0xB6, 0x3E, 0x4E, 0x47, 0x64, 0x78, 0xB1, 0x06, 0x93,
    0x97, 0x3D, 0x31, 0x33, 0xB5, 0x39, 0xD7, 0xC2, 0x71, 0x36, 0x3F, 0xDA, 0x64, 0x6C, 0x7C, 0xD0,
    0x75, 0x39, 0x6D, 0xBB, 0x0F, 0x31, 0xE4, 0xC2, 0x8F, 0xFB, 0x6C, 0xD1, 0xA1, 0x94, 0x18, 0x22,
    0xEE, 0xE9, 0x66, 0x67, 0x3A, 0x53, 0x4D, 0xDD, 0x98, 0xBA, 0xB6, 0x1E, 0x78, 0xD8, 0x36, 0x2E,
    0x9C, 0xA9, 0x82, 0x56, 0x00, 0x03, 0xB0, 0x05, 0xBE, 0x89, 0xE8, 0x69, 0xE0, 0xBA, 0x09, 0xEE,
    0x7B, 0xDF, 0x6A, 0x6F, 0xBE, 0x29, 0xCB, 0x6E, 0xD8, 0x3F, 0x48, 0x75, 0x01, 0xD9, 0x18, 0xDE,
    0x6D, 0x82, 0x0C, 0xF5, 0x6D, 0x23, 0x54, 0xE4, 0x78, 0x53, 0x75, 0x24, 0x57, 0xB9, 0xDD, 0x9F,
    0xF3, 0x8E, 0x3D, 0xC6, 0xF3, 0x68, 0xDF, 0x65, 0xF6, 0xA4, 0x56, 0xAA, 0xF7, 0x95, 0xB6, 0x28,
    0x55, 0x27, 0xD0, 0x24, 0xBD, 0x40, 0xA0, 0xBF, 0x19, 0xB6, 0x12, 0x12, 0x11, 0x5D, 0x3D, 0x27,
    0xE0, 0x40, 0x96, 0x38, 0xAC, 0xF7, 0xF9, 0x29, 0x89, 0xC3, 0xBC, 0x17, 0xB0, 0x54, 0x85, 0x42,
    0xB3, 0xFC, 0x0C, 0x9E, 0x8B, 0x19, 0x89, 0xE7, 0xF0, 0x0B, 0x6A, 0x81, 0xC2, 0x81, 0x19, 0x42,
    0x19, 0x52, 0x75, 0x8A, 0x36, 0xC2, 0x1D, 0xC3, 0x61, 0x73, 0x2E, 0x2C, 0x6B, 0x7B, 0x6E, 0x3F,
    0x2C, 0x09, 0x78, 0x14, 0xE9, 0x91, 0xB2, 0xA9, 0x5B, 0xDF, 0x49, 0xA3, 0x74, 0x0C, 0xBC, 0xEC,
    0x91, 0x80, 0xD2, 0x3D, 0xE6, 0x4A, 0x3E, 0x66, 0x3B, 0x4F, 0xBB, 0x86, 0xFA, 0x32, 0x1A, 0xD9,
    0x96, 0xF4, 0x8F, 0xF6, 0x91, 0x01, 0xF6, 0xCE, 0xC6, 0x74, 0xFD, 0xF6, 0x4C, 0x72, 0x6F, 0x10,
    0xAB, 0x75, 0x30, 0xC5, 0x34, 0xB0, 0x7A, 0xD8, 0x50, 0xFE, 0x0A, 0x58, 0xDD, 0x40, 0x3C, 0xC7,
    0x54, 0x6D, 0x9D, 0x63, 0x74, 0x48, 0x2C, 0xB1, 0x4E, 0x47, 0x2D, 0xC1, 0x14, 0x04, 0x71, 0xBF,
    0x64, 0xF9, 0x24, 0xBE, 0x73, 0x6D, 0xCA, 0x8E, 0x09, 0xBD, 0xB3, 0x01, 0x57, 0x49, 0x54, 0x64,
    0xD9, 0x73, 0xD7, 0x7F, 0x1E, 0x5B, 0x44, 0x01, 0x8E, 0x5A, 0x19, 0x91, 0x6B, 0x0D, 0x9F, 0xA4,
    0x28, 0xDC, 0x67, 0x19, 0x28, 0x24, 0xBA, 0x38, 0x4B, 0x9A, 0x6E, 0xFB, 0x21, 0x54, 0x6B, 0x6A,
    0x45, 0x11, 0x47, 0xA9, 0xF1, 0xB7, 0xAE, 0xC8, 0xE8, 0x89, 0x5E, 0x4F, 0x9D, 0xD2, 0xD0, 0x4C,
    0x76, 0xB5, 0x57, 0x54, 0x09, 0xB1, 0x69, 0x01, 0x44, 0x7E, 0x7C, 0xA1, 0x61, 0x6C, 0x73, 0xFE,
    0x0A, 0xBB, 0xEC, 0x41, 0x66, 0x3D, 0x69, 0xFD, 0xCB, 0xC1, 0x41, 0x49, 0x7E, 0x7E, 0x93, 0xBE,
    0xCB, 0xF8, 0x3B, 0xE4, 0xB7, 0x15, 0xBF, 0xB4, 0xCE, 0x3E, 0xA5, 0x31, 0x51, 0x84, 0xBC, 0xBF,
    0x02, 0xC1, 0x82, 0xA2, 0x7B, 0x17, 0x1D, 0x15, 0x89, 0x8D, 0x70, 0xFE, 0xE7, 0xB5, 0xD0, 0x28,
    0x1A, 0x89, 0x0B, 0x8F, 0x36, 0xDA, 0xBA, 0x4C, 0xF9, 0x9B, 0xFF, 0x0A, 0xE9, 0x34, 0xF8, 0x24,
    0x35, 0x67, 0x2B, 0xE0, 0x0D, 0xB8, 0xE6, 0x8C, 0x99, 0xD6, 0xE1, 0x22, 0xEA, 0xF0, 0x27, 0x42,
    0x3D, 0x25, 0x94, 0xE6, 0x74, 0x74, 0x5B, 0x6A, 0xD1, 0x9E, 0x3E, 0xED, 0x7E, 0xA0, 0x31, 0x33,
    0x7D, 0xBC, 0xCB, 0xE9, 0x7B, 0xBF, 0x38, 0x70, 0x44, 0xD1, 0x90, 0xF1, 0xC8, 0xAB, 0x3A, 0x8A,
    0x3A, 0x08, 0x62, 0x7F, 0xD9, 0x70, 0x63, 0x53, 0x4D, 0x8D, 0xEE, 0x82, 0x6D, 0xA5, 0x05, 0x10,
    0xC1, 0x71, 0x06, 0x6A, 0x10, 0xB4, 0x1D, 0x55, 0x33, 0x58, 0xB3, 0xA1, 0x70, 0x66, 0xF2, 0xA1,
    0x82, 0x03, 0x59, 0x30, 0x82, 0x02, 0x41, 0x02, 0x01, 0x01, 0x30, 0x82, 0x01, 0x01, 0xA1, 0x81,
    0xD9, 0xA4, 0x81, 0xD6, 0x30, 0x81, 0xD3, 0x31, 0x0B, 0x30, 0x09, 0x06, 0x03, 0x55, 0x04, 0x06,
    0x13, 0x02, 0x55, 0x53, 0x31, 0x13, 0x30, 0x11, 0x06, 0x03, 0x55, 0x04, 0x08, 0x13, 0x0A, 0x57,
    0x61, 0x73, 0x68, 0x69, 0x6E, 0x67, 0x74, 0x6F, 0x6E, 0x31, 0x10, 0x30, 0x0E, 0x06, 0x03, 0x55,
    0x04, 0x07, 0x13, 0x07, 0x52, 0x65, 0x64, 0x6D, 0x6F, 0x6E, 0x64, 0x31, 0x1E, 0x30, 0x1C, 0x06,
    0x03, 0x55, 0x04, 0x0A, 0x13, 0x15, 0x4D, 0x69, 0x63, 0x72, 0x6F, 0x73, 0x6F, 0x66, 0x74, 0x20,
    0x43, 0x6F, 0x72, 0x70, 0x6F, 0x72, 0x61, 0x74, 0x69, 0x6F, 0x6E, 0x31, 0x2D, 0x30, 0x2B, 0x06,
    0x03, 0x55, 0x04, 0x0B, 0x13, 0x24, 0x4D, 0x69, 0x63, 0x72, 0x6F, 0x73, 0x6F, 0x66, 0x74, 0x20,
    0x49, 0x72, 0x65, 0x6C, 0x61, 0x6E, 0x64, 0x20, 0x4F, 0x70, 0x65, 0x72, 0x61, 0x74, 0x69, 0x6F,
    0x6E, 0x73, 0x20, 0x4C, 0x69, 0x6D, 0x69, 0x74, 0x65, 0x64, 0x31, 0x27, 0x30, 0x25, 0x06, 0x03,
    0x55, 0x04, 0x0B, 0x13, 0x1E, 0x6E, 0x53, 0x68, 0x69, 0x65, 0x6C, 0x64, 0x20, 0x54, 0x53, 0x53,
    0x20, 0x45, 0x53, 0x4E, 0x3A, 0x35, 0x32, 0x31, 0x41, 0x2D, 0x30, 0x35, 0x45, 0x30, 0x2D, 0x44,
    0x39, 0x34, 0x37, 0x31, 0x25, 0x30, 0x23, 0x06, 0x03, 0x55, 0x04, 0x03, 0x13, 0x1C, 0x4D, 0x69,
    0x63, 0x72, 0x6F, 0x73, 0x6F, 0x66, 0x74, 0x20, 0x54, 0x69, 0x6D, 0x65, 0x2D, 0x53, 0x74, 0x61,
    0x6D, 0x70, 0x20, 0x53, 0x65, 0x72, 0x76, 0x69, 0x63, 0x65, 0xA2, 0x23, 0x0A, 0x01, 0x01, 0x30,
    0x07, 0x06, 0x05, 0x2B, 0x0E, 0x03, 0x02, 0x1A, 0x03, 0x15, 0x00, 0x8C, 0x93, 0x9F, 0x2D, 0x96,
    0xF7, 0x8A, 0xF8, 0xA9, 0x2F, 0x7B, 0x12, 0x2E, 0x55, 0x85, 0x6C, 0xBA, 0xD6, 0x8E, 0x64, 0xA0,
    0x81, 0x83, 0x30, 0x81, 0x80, 0xA4, 0x7E, 0x30, 0x7C, 0x31, 0x0B, 0x30, 0x09, 0x06, 0x03, 0x55,
    0x04, 0x06, 0x13, 0x02, 0x55, 0x53, 0x31, 0x13, 0x30, 0x11, 0x06, 0x03, 0x55, 0x04, 0x08, 0x13,
    0x0A, 0x57, 0x61, 0x73, 0x68, 0x69, 0x6E, 0x67, 0x74, 0x6F, 0x6E, 0x31, 0x10, 0x30, 0x0E, 0x06,
    0x03, 0x55, 0x04, 0x07, 0x13, 0x07, 0x52, 0x65, 0x64, 0x6D, 0x6F, 0x6E, 0x64, 0x31, 0x1E, 0x30,
    0x1C, 0x06, 0x03, 0x55, 0x04, 0x0A, 0x13, 0x15, 0x4D, 0x69, 0x63, 0x72, 0x6F, 0x73, 0x6F, 0x66,
    0x74, 0x20, 0x43, 0x6F, 0x72, 0x70, 0x6F, 0x72, 0x61, 0x74, 0x69, 0x6F, 0x6E, 0x31, 0x26, 0x30,
    0x24, 0x06, 0x03, 0x55, 0x04, 0x03, 0x13, 0x1D, 0x4D, 0x69, 0x63, 0x72, 0x6F, 0x73, 0x6F, 0x66,
    0x74, 0x20, 0x54, 0x69, 0x6D, 0x65, 0x2D, 0x53, 0x74, 0x61, 0x6D, 0x70, 0x20, 0x50, 0x43, 0x41,
    0x20, 0x32, 0x30, 0x31, 0x30, 0x30, 0x0D, 0x06, 0x09, 0x2A, 0x86, 0x48, 0x86, 0xF7, 0x0D, 0x01,
    0x01, 0x0B, 0x05, 0x00, 0x02, 0x05, 0x00, 0xEA, 0xB1, 0x85, 0x45, 0x30, 0x22, 0x18, 0x0F, 0x32,
    0x30, 0x32, 0x34, 0x31, 0x30, 0x30, 0x39, 0x32, 0x32, 0x34, 0x32, 0x31, 0x33, 0x5A, 0x18, 0x0F,
    0x32, 0x30, 0x32, 0x34, 0x31, 0x30, 0x31, 0x30, 0x32, 0x32, 0x34, 0x32, 0x31, 0x33, 0x5A, 0x30,
    0x77, 0x30, 0x3D, 0x06, 0x0A, 0x2B, 0x06, 0x01, 0x04, 0x01, 0x84, 0x59, 0x0A, 0x04, 0x01, 0x31,
    0x2F, 0x30, 0x2D, 0x30, 0x0A, 0x02, 0x05, 0x00, 0xEA, 0xB1, 0x85, 0x45, 0x02, 0x01, 0x00, 0x30,
    0x0A, 0x02, 0x01, 0x00, 0x02, 0x02, 0x0D, 0x6B, 0x02, 0x01, 0xFF, 0x30, 0x07, 0x02, 0x01, 0x00,
    0x02, 0x02, 0x13, 0x68, 0x30, 0x0A, 0x02, 0x05, 0x00, 0xEA, 0xB2, 0xD6, 0xC5, 0x02, 0x01, 0x00,
    0x30, 0x36, 0x06, 0x0A, 0x2B, 0x06, 0x01, 0x04, 0x01, 0x84, 0x59, 0x0A, 0x04, 0x02, 0x31, 0x28,
    0x30, 0x26, 0x30, 0x0C, 0x06, 0x0A, 0x2B, 0x06, 0x01, 0x04, 0x01, 0x84, 0x59, 0x0A, 0x03, 0x02,
    0xA0, 0x0A, 0x30, 0x08, 0x02, 0x01, 0x00, 0x02, 0x03, 0x07, 0xA1, 0x20, 0xA1, 0x0A, 0x30, 0x08,
    0x02, 0x01, 0x00, 0x02, 0x03, 0x01, 0x86, 0xA0, 0x30, 0x0D, 0x06, 0x09, 0x2A, 0x86, 0x48, 0x86,
    0xF7, 0x0D, 0x01, 0x01, 0x0B, 0x05, 0x00, 0x03, 0x82, 0x01, 0x01, 0x00, 0x95, 0x74, 0x4D, 0x97,
    0xE5, 0x80, 0x3C, 0x8B, 0xF4, 0x1D, 0x52, 0x91, 0xBB, 0x5E, 0xBD, 0xF7, 0x46, 0xE4, 0x0C, 0x18,
    0x57, 0x6A, 0x64, 0x59, 0xF3, 0x28, 0xEB, 0x96, 0x4B, 0xC8, 0xF6, 0x90, 0x8A, 0x89, 0x3C, 0xD8,
    0x92, 0x30, 0x63, 0x10, 0xE6, 0x74, 0xC5, 0x3D, 0x1C, 0xF8, 0x20, 0x61, 0x75, 0x90, 0x0B, 0xE2,
    0x21, 0xAF, 0x50, 0x47, 0xA3, 0xDD, 0x77, 0x8D, 0x3E, 0x77, 0xAE, 0x0A, 0x65, 0x4A, 0x93, 0x6C,
    0xAB, 0x9C, 0x66, 0xD3, 0x0E, 0x8A, 0x96, 0x4D, 0x49, 0x7D, 0x51, 0x64, 0x11, 0xD0, 0x8F, 0x67,
    0x3E, 0x45, 0x2F, 0xDB, 0x89, 0x46, 0xAD, 0xC3, 0x97, 0xFB, 0x4B, 0xBF, 0xAC, 0x84, 0x75, 0x43,
    0x78, 0x26, 0x6A, 0x51, 0x34, 0xAD, 0x7C, 0xE5, 0x68, 0x69, 0xDE, 0x56, 0xF9, 0xDA, 0xD9, 0xBC,
    0x7F, 0x9A, 0x95, 0x8B, 0xC9, 0xE1, 0x10, 0x5C, 0x9A, 0x6E, 0xF9, 0x1A, 0x48, 0x65, 0x72, 0xCC,
    0xED, 0xF1, 0xA1, 0xCF, 0xAD, 0xC1, 0x45, 0xC5, 0x9F, 0xE3, 0x1D, 0x61, 0x1A, 0x90, 0xC8, 0x90,
    0xE7, 0x9A, 0xEA, 0x9B, 0x74, 0x29, 0x3B, 0x65, 0x06, 0x88, 0x09, 0xF6, 0x97, 0x7E, 0x61, 0x4E,
    0x1F, 0x0E, 0x94, 0xC6, 0x9D, 0x87, 0x86, 0x88, 0xF8, 0x43, 0x02, 0xEF, 0x21, 0xF9, 0x9B, 0xFA,
    0x2D, 0x45, 0xFD, 0x39, 0x36, 0xB4, 0x1E, 0xB5, 0xCD, 0x6F, 0x20, 0x92, 0xF8, 0x56, 0x4B, 0x8B,
    0x75, 0xB1, 0x9D, 0xDB, 0x82, 0x90, 0x82, 0x00, 0xE8, 0xA0, 0xD9, 0x85, 0xC5, 0x90, 0x03, 0x69,
    0x89, 0xB5, 0x94, 0xD6, 0x93, 0xD2, 0x73, 0x11, 0x50, 0x88, 0x2F, 0x5F, 0xA1, 0xB8, 0x8F, 0xC9,
    0x73, 0xA5, 0x3F, 0x74, 0x8D, 0x7D, 0x5B, 0xD8, 0x54, 0x41, 0xB9, 0x77, 0x54, 0xC2, 0x5B, 0x21,
    0x8A, 0xCB, 0x77, 0x96, 0x60, 0xE8, 0x0B, 0x9D, 0xBF, 0xEB, 0xDF, 0xDB, 0x31, 0x82, 0x04, 0x0D,
    0x30, 0x82, 0x04, 0x09, 0x02, 0x01, 0x01, 0x30, 0x81, 0x93, 0x30, 0x7C, 0x31, 0x0B, 0x30, 0x09,
    0x06, 0x03, 0x55, 0x04, 0x06, 0x13, 0x02, 0x55, 0x53, 0x31, 0x13, 0x30, 0x11, 0x06, 0x03, 0x55,
    0x04, 0x08, 0x13, 0x0A, 0x57, 0x61, 0x73, 0x68, 0x69, 0x6E, 0x67, 0x74, 0x6F, 0x6E, 0x31, 0x10,
    0x30, 0x0E, 0x06, 0x03, 0x55, 0x04, 0x07, 0x13, 0x07, 0x52, 0x65, 0x64, 0x6D, 0x6F, 0x6E, 0x64,
    0x31, 0x1E, 0x30, 0x1C, 0x06, 0x03, 0x55, 0x04, 0x0A, 0x13, 0x15, 0x4D, 0x69, 0x63, 0x72, 0x6F,
    0x73, 0x6F, 0x66, 0x74, 0x20, 0x43, 0x6F, 0x72, 0x70, 0x6F, 0x72, 0x61, 0x74, 0x69, 0x6F, 0x6E,
    0x31, 0x26, 0x30, 0x24, 0x06, 0x03, 0x55, 0x04, 0x03, 0x13, 0x1D, 0x4D, 0x69, 0x63, 0x72, 0x6F,
    0x73, 0x6F, 0x66, 0x74, 0x20, 0x54, 0x69, 0x6D, 0x65, 0x2D, 0x53, 0x74, 0x61, 0x6D, 0x70, 0x20,
    0x50, 0x43, 0x41, 0x20, 0x32, 0x30, 0x31, 0x30, 0x02, 0x13, 0x33, 0x00, 0x00, 0x02, 0x00, 0x0B,
    0xD7, 0xAA, 0x7F, 0x1B, 0x2A, 0x17, 0x56, 0x00, 0x01, 0x00, 0x00, 0x02, 0x00, 0x30, 0x0D, 0x06,
    0x09, 0x60, 0x86, 0x48, 0x01, 0x65, 0x03, 0x04, 0x02, 0x01, 0x05, 0x00, 0xA0, 0x82, 0x01, 0x4A,
    0x30, 0x1A, 0x06, 0x09, 0x2A, 0x86, 0x48, 0x86, 0xF7, 0x0D, 0x01, 0x09, 0x03, 0x31, 0x0D, 0x06,
    0x0B, 0x2A, 0x86, 0x48, 0x86, 0xF7, 0x0D, 0x01, 0x09, 0x10, 0x01, 0x04, 0x30, 0x2F, 0x06, 0x09,
    0x2A, 0x86, 0x48, 0x86, 0xF7, 0x0D, 0x01, 0x09, 0x04, 0x31, 0x22, 0x04, 0x20, 0x61, 0x31, 0x55,
    0xBC, 0xA2, 0xD5, 0x04, 0xA4, 0xB0, 0x53, 0xBF, 0x30, 0x68, 0x32, 0x78, 0xE8, 0x62, 0x97, 0x98,
    0x0E, 0x5C, 0x28, 0xCD, 0xD3, 0xCD, 0x01, 0x82, 0x2A, 0x1B, 0xF0, 0xF9, 0x34, 0x30, 0x81, 0xFA,
    0x06, 0x0B, 0x2A, 0x86, 0x48, 0x86, 0xF7, 0x0D, 0x01, 0x09, 0x10, 0x02, 0x2F, 0x31, 0x81, 0xEA,
    0x30, 0x81, 0xE7, 0x30, 0x81, 0xE4, 0x30, 0x81, 0xBD, 0x04, 0x20, 0xD4, 0xC8, 0xED, 0xEC, 0x35,
    0x9D, 0xDB, 0xBA, 0xB0, 0x4D, 0x0C, 0x65, 0x02, 0x57, 0x83, 0x5F, 0x33, 0x68, 0x07, 0xE1, 0xA5,
    0xAE, 0x46, 0xE7, 0x48, 0x93, 0xFF, 0x4A, 0x02, 0x4F, 0xD9, 0x27, 0x30, 0x81, 0x98, 0x30, 0x81,
    0x80, 0xA4, 0x7E, 0x30, 0x7C, 0x31, 0x0B, 0x30, 0x09, 0x06, 0x03, 0x55, 0x04, 0x06, 0x13, 0x02,
    0x55, 0x53, 0x31, 0x13, 0x30, 0x11, 0x06, 0x03, 0x55, 0x04, 0x08, 0x13, 0x0A, 0x57, 0x61, 0x73,
    0x68, 0x69, 0x6E, 0x67, 0x74, 0x6F, 0x6E, 0x31, 0x10, 0x30, 0x0E, 0x06, 0x03, 0x55, 0x04, 0x07,
    0x13, 0x07, 0x52, 0x65, 0x64, 0x6D, 0x6F, 0x6E, 0x64, 0x31, 0x1E, 0x30, 0x1C, 0x06, 0x03, 0x55,
    0x04, 0x0A, 0x13, 0x15, 0x4D, 0x69, 0x63, 0x72, 0x6F, 0x73, 0x6F, 0x66, 0x74, 0x20, 0x43, 0x6F,
    0x72, 0x70, 0x6F, 0x72, 0x61, 0x74, 0x69, 0x6F, 0x6E, 0x31, 0x26, 0x30, 0x24, 0x06, 0x03, 0x55,
    0x04, 0x03, 0x13, 0x1D, 0x4D, 0x69, 0x63, 0x72, 0x6F, 0x73, 0x6F, 0x66, 0x74, 0x20, 0x54, 0x69,
    0x6D, 0x65, 0x2D, 0x53, 0x74, 0x61, 0x6D, 0x70, 0x20, 0x50, 0x43, 0x41, 0x20, 0x32, 0x30, 0x31,
    0x30, 0x02, 0x13, 0x33, 0x00, 0x00, 0x02, 0x00, 0x0B, 0xD7, 0xAA, 0x7F, 0x1B, 0x2A, 0x17, 0x56,
    0x00, 0x01, 0x00, 0x00, 0x02, 0x00, 0x30, 0x22, 0x04, 0x20, 0x7B, 0x74, 0x76, 0x66, 0x94, 0xB3,
    0x87, 0x83, 0x77, 0x3C, 0xF8, 0xA4, 0xCD, 0x5A, 0x94, 0x90, 0xDD, 0x04, 0x73, 0xE9, 0x24, 0x9C,
    0xF3, 0x9E, 0xAF, 0x31, 0xBF, 0xA2, 0xA2, 0x5D, 0xD7, 0xD2, 0x30, 0x0D, 0x06, 0x09, 0x2A, 0x86,
    0x48, 0x86, 0xF7, 0x0D, 0x01, 0x01, 0x0B, 0x05, 0x00, 0x04, 0x82, 0x02, 0x00, 0x0E, 0x80, 0xA3,
    0xA6, 0x30, 0x1C, 0x7F, 0x1E, 0x54, 0x3C, 0xB3, 0x52, 0x41, 0x52, 0xB8, 0xAA, 0x79, 0xA2, 0xE0,
    0x4D, 0x78, 0xE5, 0x4C, 0x58, 0x1D, 0x03, 0x4D, 0xC1, 0x3D, 0x28, 0xF5, 0xE6, 0x78, 0xDA, 0xD9,
    0x9B, 0xD9, 0x4A, 0xAF, 0x94, 0x53, 0x6E, 0x9A, 0xE5, 0x55, 0xCE, 0x93, 0x3F, 0x1A, 0x93, 0x2F,
    0x35, 0x92, 0x77, 0xFB, 0x05, 0xB9, 0x85, 0xA3, 0x8F, 0x37, 0x0D, 0xEF, 0xAF, 0x16, 0xAE, 0xC0,
    0x0D, 0xB8, 0x19, 0xE1, 0x48, 0x07, 0xEB, 0x22, 0x41, 0x2D, 0x08, 0x45, 0xE3, 0x05, 0xF6, 0x73,
    0x05, 0x2A, 0xEC, 0x65, 0xE2, 0x75, 0xD1, 0x79, 0x7A, 0xAD, 0xB8, 0x57, 0x4F, 0x52, 0xBD, 0xBD,
    0x85, 0x57, 0xE9, 0xC4, 0xF8, 0x7D, 0xAD, 0x94, 0xD5, 0x63, 0x92, 0xD7, 0xE1, 0xB6, 0x64, 0xD6,
    0x0D, 0x49, 0xD6, 0x10, 0xB7, 0x05, 0x67, 0xC3, 0xED, 0x55, 0xA7, 0xDF, 0x06, 0x8B, 0xF9, 0x99,
    0x74, 0x32, 0x42, 0x4F, 0x1B, 0xFA, 0xDE, 0x68, 0x22, 0x65, 0xD9, 0x82, 0xEB, 0x3F, 0x2B, 0xAF,
    0x5B, 0xF0, 0xCC, 0x68, 0xC5, 0x0C, 0x69, 0xF7, 0x20, 0x66, 0x27, 0x2A, 0x95, 0x62, 0xD0, 0xB8,
    0x5B, 0xA3, 0xB6, 0xE1, 0xE2, 0x44, 0x39, 0xB4, 0x9D, 0xAA, 0x76, 0x98, 0x34, 0x2C, 0xF6, 0x10,
    0xC6, 0x35, 0xB2, 0x5B, 0x71, 0x96, 0x55, 0x50, 0xD2, 0xAC, 0x91, 0xEE, 0x25, 0xF1, 0xBB, 0xB2,
    0x57, 0x44, 0xEB, 0x57, 0x37, 0x64, 0xF1, 0x6D, 0x34, 0xF5, 0x31, 0x68, 0xB9, 0x31, 0x71, 0xB9,
    0x56, 0xAC, 0x2B, 0x6B, 0xCF, 0xAF, 0x2D, 0x90, 0x8B, 0x0E, 0x0D, 0xDE, 0xB0, 0x46, 0x25, 0xB9,
    0xBC, 0x56, 0x1B, 0x1C, 0xB9, 0x77, 0xE6, 0xAA, 0x92, 0x7C, 0xAC, 0x81, 0x42, 0x94, 0xAE, 0x69,
    0xFF, 0xFB, 0x52, 0xD8, 0xBB, 0xDF, 0xA6, 0x92, 0x5D, 0xF0, 0xC8, 0x8E, 0xFC, 0x02, 0xBC, 0x29,
    0x83, 0x45, 0x61, 0xE3, 0x64, 0x33, 0x60, 0xAC, 0xA9, 0xE5, 0x6B, 0xBA, 0xE1, 0x19, 0xB4, 0xCB,
    0x1E, 0x25, 0x85, 0xB7, 0xF0, 0xF7, 0x80, 0x15, 0x9B, 0xCF, 0x3D, 0xCF, 0xB7, 0x09, 0x2A, 0xFD,
    0xEC, 0x5D, 0xA9, 0xE9, 0x56, 0xA8, 0x95, 0xC8, 0x0D, 0x3D, 0x94, 0xF2, 0x80, 0x7E, 0xB9, 0x10,
    0x04, 0x87, 0xAB, 0xD1, 0x30, 0xBB, 0xE7, 0x7B, 0xD4, 0xFB, 0x1B, 0x2F, 0x83, 0x01, 0x51, 0x4D,
    0x49, 0x59, 0x71, 0xE8, 0x32, 0x6A, 0xF5, 0x5F, 0x6F, 0x94, 0x03, 0x97, 0xE5, 0xEB, 0xEF, 0x7A,
    0x2F, 0x43, 0x53, 0x3D, 0x0F, 0x21, 0x80, 0xFF, 0x1B, 0x39, 0xC5, 0x05, 0x59, 0x4B, 0xFF, 0xFB,
    0x7D, 0xCB, 0x7D, 0x7A, 0x8B, 0x32, 0xEB, 0xBB, 0x5B, 0x02, 0x49, 0x8F, 0x67, 0x75, 0x29, 0xC5,
    0x22, 0x7A, 0x1F, 0xEC, 0x9C, 0xDB, 0xF5, 0x71, 0x11, 0xFB, 0x1C, 0xFE, 0x40, 0x03, 0x44, 0x7C,
    0xD2, 0x9A, 0xF8, 0xD8, 0x2A, 0xBF, 0xC2, 0x6F, 0x5C, 0x3B, 0x16, 0x51, 0x33, 0xB6, 0x14, 0x30,
    0xA7, 0xDC, 0x1C, 0x94, 0x83, 0x3E, 0x2F, 0xDE, 0x61, 0x93, 0x21, 0x11, 0xC7, 0xD3, 0x6C, 0xA9,
    0x2A, 0xDC, 0xA6, 0xEC, 0xBE, 0x96, 0xAC, 0x4F, 0xF9, 0xB8, 0xB9, 0x54, 0x7A, 0x78, 0xE6, 0x47,
    0x9E, 0x1D, 0x7C, 0x99, 0x29, 0xE2, 0x78, 0xB1, 0xA7, 0xBF, 0x04, 0x6F, 0x8E, 0x28, 0x8B, 0x9C,
    0x5C, 0x52, 0x1A, 0xFA, 0x91, 0x92, 0x90, 0x4B, 0x6C, 0x3B, 0x83, 0x18, 0xE2, 0xB7, 0x57, 0x07,
    0x26, 0x9D, 0x97, 0xCF, 0x35, 0x70, 0x4E, 0xED, 0xA8, 0x55, 0xF3, 0x5E, 0x7F, 0x73, 0x4D, 0xF9,
    0xC0, 0x66, 0x83, 0x46, 0xAB, 0xE2, 0x24, 0xE9, 0xA4, 0x76, 0x3F, 0xD2, 0xF1, 0x29, 0xE1, 0xD6,
    0x1C, 0xBE, 0xBB, 0x18, 0x19, 0xA6, 0x16, 0x86, 0x34, 0x01, 0xBE, 0xEC, 0x9F, 0x00, 0x00, 0x00,
];
